【整租】大源村 清凤时代城 1室1厅,清凤时代城,1400,http://cd.58.com/pinpaigongyu/30134380763712x.shtml
【合租】大源村 智地哥谭 1室主卧,智地哥谭,1000,http://cd.58.com/pinpaigongyu/30111699015879x.shtml
【合租】南延线 中德英伦联邦 5室主卧,中德英伦联邦,1000,http://cd.58.com/pinpaigongyu/30080575997355x.shtml
【合租】大源村 清凤时代城 5室主卧,清凤时代城,1150,http://cd.58.com/pinpaigongyu/30112405898291x.shtml
【合租】川师 望江锦苑 4室主卧,望江锦苑,1000,http://cd.58.com/pinpaigongyu/30143687865526x.shtml
【合租】营门口 为民新居 3室主卧,为民新居,1030,http://cd.58.com/pinpaigongyu/30134237532342x.shtml
【合租】南延线 中德英伦联邦 5室主卧,中德英伦联邦,1000,http://cd.58.com/pinpaigongyu/30090034967866x.shtml
【合租】南延线 中德英伦联邦 5室主卧,中德英伦联邦,1100,http://cd.58.com/pinpaigongyu/30122784859854x.shtml
【合租】南延线 中德英伦联邦 5室主卧,中德英伦联邦,1000,http://cd.58.com/pinpaigongyu/30102661191595x.shtml
【合租】南延线 中德英伦联邦 5室主卧,中德英伦联邦,1000,http://cd.58.com/pinpaigongyu/30092625121980x.shtml
【合租】东升镇 美城悦荣府 4室主卧,美城悦荣府,1000,http://cd.58.com/pinpaigongyu/30100025496909x.shtml
【整租】冠寓 犀浦 龙湖时代天街,犀浦,1200-1500,http://cd.58.com/pinpaigongyu/29163499829048x.shtml
【合租】金沙 金地·嘉年华城新 4室主卧,金地·嘉年华城新,1105,http://cd.58.com/pinpaigongyu/29924841090618x.shtml
【整租】航空港 新和领航 1室1厅,新和领航,1500,http://cd.58.com/pinpaigongyu/29868215181762x.shtml
【合租】东升镇 美城悦荣府 4室主卧,美城悦荣府,1000,http://cd.58.com/pinpaigongyu/29978846711111x.shtml
【整租】优家公寓 大源村 YOU+大源,大源村,1346-1600,http://cd.58.com/pinpaigongyu/30058845082949x.shtml
【合租】营门口 为民新居 3室主卧,为民新居,1050,http://cd.58.com/pinpaigongyu/29925168992310x.shtml
【合租】理想中心 汇翠园南城都汇 4室次卧,汇翠园南城都汇,1000,http://cd.58.com/pinpaigongyu/29835469305936x.shtml
【合租】蜀汉路 锦城苑(金牛) 4室主卧,锦城苑(金牛),1160,http://cd.58.com/pinpaigongyu/29730548136897x.shtml
【整租】世纪城 仁美大源印象 1室1厅,仁美大源印象,1500,http://cd.58.com/pinpaigongyu/29856544380880x.shtml
【合租】东大街 阳光新业中心 4室主卧,阳光新业中心,1150,http://cd.58.com/pinpaigongyu/30134712855617x.shtml
【合租】南延线 中德英伦联邦 5室主卧,中德英伦联邦,1000,http://cd.58.com/pinpaigongyu/30111907988682x.shtml
【整租】大源村 清凤时代城 1室1厅,清凤时代城,1400,http://cd.58.com/pinpaigongyu/30134384175288x.shtml
【合租】天府长城 长城·半岛城邦 5室主卧,长城·半岛城邦,1400,http://cd.58.com/pinpaigongyu/30122659543374x.shtml
【合租】南延线 中德英伦联邦 5室主卧,中德英伦联邦,1000,http://cd.58.com/pinpaigongyu/30081248539971x.shtml
【合租】南延线 中德英伦联邦 5室主卧,中德英伦联邦,1000,http://cd.58.com/pinpaigongyu/30113885282751x.shtml
【合租】桐梓林 首航欣程 4室主卧,首航欣程,1200,http://cd.58.com/pinpaigongyu/30134669445556x.shtml
【整租】大源村 清凤时代城 1室0厅,清凤时代城,1400,http://cd.58.com/pinpaigongyu/30143876552905x.shtml
【整租】贝森 左右综合楼 1室1厅,左右综合楼,1500,http://cd.58.com/pinpaigongyu/30136523326390x.shtml
【合租】外光华 保利香槟光华 5室主卧,保利香槟光华,1090,http://cd.58.com/pinpaigongyu/30102469270984x.shtml
【合租】金融城 天府欣苑 5室主卧,天府欣苑,1350,http://cd.58.com/pinpaigongyu/29779643765433x.shtml
【整租】冠寓 犀浦 龙湖时代天街,犀浦,1200-1500,http://cd.58.com/pinpaigongyu/29163499829048x.shtml
【合租】大源村 建发·中央鹭洲 4室主卧,建发·中央鹭洲,1200,http://cd.58.com/pinpaigongyu/29834755084876x.shtml
【合租】外光华 中铁瑞景颐城 4室主卧,中铁瑞景颐城,1050,http://cd.58.com/pinpaigongyu/29714174342344x.shtml
【整租】优家公寓 大源村 YOU+大源,大源村,1346-1600,http://cd.58.com/pinpaigongyu/30058845082949x.shtml
【合租】外光华 中铁瑞景颐城 4室主卧,中铁瑞景颐城,1000,http://cd.58.com/pinpaigongyu/29956896839613x.shtml
【整租】百草路 保利香槟国际 1室1厅,保利香槟国际,1300,http://cd.58.com/pinpaigongyu/29814887174316x.shtml
【整租】外光华 元益花园 1室0厅,元益花园,1380,http://cd.58.com/pinpaigongyu/30012889671860x.shtml
【合租】万年场 华润二十四城四期 6室主卧,华润二十四城四期,1300,http://cd.58.com/pinpaigongyu/29805327673272x.shtml
【合租】东大街 锦东庭园 4室次卧,锦东庭园,1160,http://cd.58.com/pinpaigongyu/30135967205810x.shtml
【合租】南延线 中德英伦联邦 5室主卧,中德英伦联邦,1000,http://cd.58.com/pinpaigongyu/30123188179011x.shtml
【合租】攀成钢 天曜 4室次卧,天曜,1000,http://cd.58.com/pinpaigongyu/30067293108175x.shtml
【合租】南延线 中德英伦联邦 5室主卧,中德英伦联邦,1000,http://cd.58.com/pinpaigongyu/30102715180614x.shtml
【合租】南延线 中德英伦联邦 5室主卧,中德英伦联邦,1100,http://cd.58.com/pinpaigongyu/30102310773181x.shtml
【合租】南延线 城南晶座 4室主卧,城南晶座,1000,http://cd.58.com/pinpaigongyu/30100527167687x.shtml
【合租】东光小区 翡翠城5期 4室次卧,翡翠城5期,1000,http://cd.58.com/pinpaigongyu/30067439179465x.shtml
【合租】营门口 为民新居 5室次卧,为民新居,1030,http://cd.58.com/pinpaigongyu/30124089805771x.shtml
【整租】大源村 清凤时代城 1室1厅,清凤时代城,1400,http://cd.58.com/pinpaigongyu/30134411768398x.shtml
【合租】南延线 中德英伦联邦 5室主卧,中德英伦联邦,1000,http://cd.58.com/pinpaigongyu/30125063489073x.shtml
【整租】世纪城 仁美大源印象 1室1厅,仁美大源印象,1500,http://cd.58.com/pinpaigongyu/29856571400623x.shtml
【整租】冠寓 犀浦 龙湖时代天街,犀浦,1200-1500,http://cd.58.com/pinpaigongyu/29163499829048x.shtml
【合租】万年场 华润二十四城四期 6室主卧,华润二十四城四期,1400,http://cd.58.com/pinpaigongyu/29779590990525x.shtml
【整租】蜀汉路 西城上域 1室0厅,西城上域,1200,http://cd.58.com/pinpaigongyu/30089626129068x.shtml
【合租】外光华 中铁瑞景颐城 4室主卧,中铁瑞景颐城,1050,http://cd.58.com/pinpaigongyu/29813787481808x.shtml
【整租】优家公寓 大源村 YOU+大源,大源村,1346-1600,http://cd.58.com/pinpaigongyu/30058845082949x.shtml
【合租】金融城 天府欣苑 5室次卧,天府欣苑,1000,http://cd.58.com/pinpaigongyu/29702122709050x.shtml
【合租】东升镇 美城悦荣府 4室次卧,美城悦荣府,1000,http://cd.58.com/pinpaigongyu/30133838819369x.shtml
【合租】营门口 为民新居 3室主卧,为民新居,1090,http://cd.58.com/pinpaigongyu/29979130042686x.shtml
【合租】贝森 蓝光COCO蜜城 6室主卧,蓝光COCO蜜城,1000,http://cd.58.com/pinpaigongyu/29826187251404x.shtml
【合租】中和镇 领馆区1号 4室主卧,领馆区1号,1000,http://cd.58.com/pinpaigongyu/30037691430462x.shtml
【合租】营门口 为民新居 5室次卧,为民新居,1050,http://cd.58.com/pinpaigongyu/30134167919292x.shtml
【合租】南延线 中德英伦联邦 5室主卧,中德英伦联邦,1000,http://cd.58.com/pinpaigongyu/30080846315847x.shtml
【合租】内光华 天祥广场尚府 5室主卧,天祥广场尚府,1050,http://cd.58.com/pinpaigongyu/30135280351684x.shtml
【合租】东光小区 交大绿岭 4室主卧,交大绿岭,1000,http://cd.58.com/pinpaigongyu/30079966205630x.shtml
【合租】攀成钢 天誉南庭 4室次卧,天誉南庭,1100,http://cd.58.com/pinpaigongyu/30067482851149x.shtml
【合租】营门口 为民新居 5室次卧,为民新居,1100,http://cd.58.com/pinpaigongyu/30134172957259x.shtml
【合租】天府长城 长城·半岛城邦 5室主卧,长城·半岛城邦,1400,http://cd.58.com/pinpaigongyu/30102294383537x.shtml
【合租】蜀汉路 金色池塘 3室主卧,金色池塘,1150,http://cd.58.com/pinpaigongyu/30113351961295x.shtml
【合租】南延线 中德英伦联邦 5室主卧,中德英伦联邦,1000,http://cd.58.com/pinpaigongyu/30112123732011x.shtml
【合租】成仁路 东湖国际 5室主卧,东湖国际,1100,http://cd.58.com/pinpaigongyu/29705430320694x.shtml
【整租】冠寓 犀浦 龙湖时代天街,犀浦,1200-1500,http://cd.58.com/pinpaigongyu/29163499829048x.shtml
【合租】川音 南岸一家 5室主卧,南岸一家,1000,http://cd.58.com/pinpaigongyu/29705421077688x.shtml
【合租】营门口 为民新居 3室主卧,为民新居,1030,http://cd.58.com/pinpaigongyu/29881077812010x.shtml
【合租】营门口 为民新居 3室主卧,为民新居,1090,http://cd.58.com/pinpaigongyu/29813206124732x.shtml
【整租】优家公寓 大源村 YOU+大源,大源村,1346-1600,http://cd.58.com/pinpaigongyu/30058845082949x.shtml
【整租】百草路 保利香槟国际 1室1厅,保利香槟国际,1300,http://cd.58.com/pinpaigongyu/29814872600646x.shtml
【合租】外金沙 蓝光金悦金沙 4室主卧,蓝光金悦金沙,1200,http://cd.58.com/pinpaigongyu/29958541420218x.shtml
【合租】营门口 为民新居 3室主卧,为民新居,1090,http://cd.58.com/pinpaigongyu/29880868823215x.shtml
【整租】世纪城 仁美大源印象 1室1厅,仁美大源印象,1500,http://cd.58.com/pinpaigongyu/29933929008840x.shtml
【合租】神仙树 桐梓林壹号 5室次卧,桐梓林壹号,1200,http://cd.58.com/pinpaigongyu/30072972262720x.shtml
【整租】大源村 清凤时代城 1室1厅,清凤时代城,1400,http://cd.58.com/pinpaigongyu/30134410714063x.shtml
【合租】南延线 中德英伦联邦 5室主卧,中德英伦联邦,1100,http://cd.58.com/pinpaigongyu/30092496330181x.shtml
【合租】营门口 为民新居 5室次卧,为民新居,1030,http://cd.58.com/pinpaigongyu/30123850025932x.shtml
【合租】南延线 中德英伦联邦 5室主卧,中德英伦联邦,1100,http://cd.58.com/pinpaigongyu/30080397529928x.shtml
【合租】沙河堡 塔子山壹号 4室主卧,塔子山壹号,1280,http://cd.58.com/pinpaigongyu/30144890604344x.shtml
【合租】营门口 为民新居 3室次卧,为民新居,1100,http://cd.58.com/pinpaigongyu/30134312624460x.shtml
【合租】桐梓林 首航欣程 4室次卧,首航欣程,1100,http://cd.58.com/pinpaigongyu/30134634225732x.shtml
【合租】南延线 中德英伦联邦 5室主卧,中德英伦联邦,1100,http://cd.58.com/pinpaigongyu/30089813314616x.shtml
【合租】天府长城 长城·半岛城邦 5室主卧,长城·半岛城邦,1400,http://cd.58.com/pinpaigongyu/30081042827188x.shtml
【整租】世纪城 仁美大源印象 1室1厅,仁美大源印象,1500,http://cd.58.com/pinpaigongyu/29889658160576x.shtml
【整租】冠寓 犀浦 龙湖时代天街,犀浦,1200-1500,http://cd.58.com/pinpaigongyu/29163499829048x.shtml
【合租】理想中心 时代晶科名苑 4室主卧,时代晶科名苑,1450,http://cd.58.com/pinpaigongyu/30112061605441x.shtml
【合租】南苑 天府世家 5室次卧,天府世家,1100,http://cd.58.com/pinpaigongyu/29803737980863x.shtml
【合租】外光华 保利香槟光华 5室主卧,保利香槟光华,1000,http://cd.58.com/pinpaigongyu/29990344284731x.shtml
【整租】优家公寓 大源村 YOU+大源,大源村,1346-1600,http://cd.58.com/pinpaigongyu/30058845082949x.shtml
【整租】航空港 新和领航 1室1厅,新和领航,1500,http://cd.58.com/pinpaigongyu/29806589552205x.shtml
【合租】孵化园 天府欣苑 5室次卧,天府欣苑,1300,http://cd.58.com/pinpaigongyu/29702279962037x.shtml
【整租】一品天下 水岸汇景 1室0厅,水岸汇景,1500,http://cd.58.com/pinpaigongyu/30035135182287x.shtml
【合租】蜀汉路 凯丽豪景 3室主卧,凯丽豪景,1050,http://cd.58.com/pinpaigongyu/29936131302575x.shtml
【合租】九眼桥 世纪朝阳 4室次卧,世纪朝阳,1100,http://cd.58.com/pinpaigongyu/30134724354226x.shtml
【合租】春熙路 塔子山壹号 4室主卧,塔子山壹号,1180,http://cd.58.com/pinpaigongyu/30144878540610x.shtml
【合租】东升镇 美城悦荣府 4室主卧,美城悦荣府,1000,http://cd.58.com/pinpaigongyu/30068074561843x.shtml
【合租】九眼桥 阳光新业中心3号 4室次卧,阳光新业中心3号,1200,http://cd.58.com/pinpaigongyu/30088250451511x.shtml
【合租】营门口 为民新居 3室次卧,为民新居,1050,http://cd.58.com/pinpaigongyu/30134215107150x.shtml
【合租】东升镇 美城悦荣府 5室主卧,美城悦荣府,1000,http://cd.58.com/pinpaigongyu/30068143538760x.shtml
【合租】华阳 慕和南道 5室主卧,慕和南道,1000,http://cd.58.com/pinpaigongyu/30068173327556x.shtml
【合租】营门口 为民新居 5室次卧,为民新居,1050,http://cd.58.com/pinpaigongyu/30123828443965x.shtml
【合租】攀成钢 天曜 4室次卧,天曜,1000,http://cd.58.com/pinpaigongyu/30080291583943x.shtml
【合租】南延线 嘉祥瑞庭南城 4室主卧,嘉祥瑞庭南城,1060,http://cd.58.com/pinpaigongyu/30135852487373x.shtml
【整租】冠寓 犀浦 龙湖时代天街,犀浦,1200-1500,http://cd.58.com/pinpaigongyu/29163499829048x.shtml
【整租】外光华 元益花园 1室0厅,元益花园,1500,http://cd.58.com/pinpaigongyu/29761037768899x.shtml
【整租】世纪城 仁美大源印象 1室1厅,仁美大源印象,1500,http://cd.58.com/pinpaigongyu/29911758932789x.shtml
【合租】外光华 中铁瑞景颐城 4室主卧,中铁瑞景颐城,1000,http://cd.58.com/pinpaigongyu/29967832719163x.shtml
【整租】优家公寓 大源村 YOU+大源,大源村,1346-1600,http://cd.58.com/pinpaigongyu/30058845082949x.shtml
【合租】金融城 汇翠园南城都汇 4室主卧,汇翠园南城都汇,1280,http://cd.58.com/pinpaigongyu/29857945061452x.shtml
【合租】东升镇 美城悦荣府 3室主卧,美城悦荣府,1000,http://cd.58.com/pinpaigongyu/30089971860284x.shtml
【合租】东升镇 美城悦荣府 4室主卧,美城悦荣府,1000,http://cd.58.com/pinpaigongyu/30111764566337x.shtml
【合租】外光华 中铁瑞景颐城 4室主卧,中铁瑞景颐城,1000,http://cd.58.com/pinpaigongyu/30134098697905x.shtml
【合租】东升镇 美城悦荣府 5室主卧,美城悦荣府,1000,http://cd.58.com/pinpaigongyu/30068139160776x.shtml
【合租】东升镇 美城悦荣府 4室主卧,美城悦荣府,1000,http://cd.58.com/pinpaigongyu/30068067968945x.shtml
【合租】九眼桥 世纪朝阳 4室次卧,世纪朝阳,1100,http://cd.58.com/pinpaigongyu/30088282163655x.shtml
【合租】大源村 清凤时代城 5室主卧,清凤时代城,1150,http://cd.58.com/pinpaigongyu/30112432840370x.shtml
【合租】南延线 中德英伦联邦 5室主卧,中德英伦联邦,1100,http://cd.58.com/pinpaigongyu/30111820517435x.shtml
【合租】南延线 中德英伦联邦 5室主卧,中德英伦联邦,1000,http://cd.58.com/pinpaigongyu/30089959735101x.shtml
【合租】南延线 中德英伦联邦 5室主卧,中德英伦联邦,1000,http://cd.58.com/pinpaigongyu/30125710193742x.shtml
【合租】营门口 为民新居 3室主卧,为民新居,1030,http://cd.58.com/pinpaigongyu/30134280225855x.shtml
【合租】南延线 中德英伦联邦 5室主卧,中德英伦联邦,1100,http://cd.58.com/pinpaigongyu/30081125360311x.shtml
【合租】沙河堡 塔子山壹号 4室主卧,塔子山壹号,1200,http://cd.58.com/pinpaigongyu/30144900561224x.shtml
【合租】川音 南岸一家 5室次卧,南岸一家,1000,http://cd.58.com/pinpaigongyu/29705450227274x.shtml
【整租】冠寓 犀浦 龙湖时代天街,犀浦,1200-1500,http://cd.58.com/pinpaigongyu/29163499829048x.shtml
【合租】紫荆 城市春天 6室主卧,城市春天,1500,http://cd.58.com/pinpaigongyu/30028912857154x.shtml
【整租】国宾 金牛花园 1室0厅,金牛花园,1300,http://cd.58.com/pinpaigongyu/30070122418615x.shtml
【合租】高升桥 橄榄园二期 4室主卧,橄榄园二期,1250,http://cd.58.com/pinpaigongyu/30015369395513x.shtml
【整租】优家公寓 大源村 YOU+大源,大源村,1346-1600,http://cd.58.com/pinpaigongyu/30058845082949x.shtml
【合租】营门口 为民新居 3室主卧,为民新居,1050,http://cd.58.com/pinpaigongyu/29725210181712x.shtml
【整租】欢乐谷 华侨城·天鹅堡 1室0厅,华侨城·天鹅堡,1400,http://cd.58.com/pinpaigongyu/29727729402805x.shtml
【合租】东升镇 美城悦荣府 4室主卧,美城悦荣府,1000,http://cd.58.com/pinpaigongyu/30000410144201x.shtml
【合租】华阳 慕和南道 4室主卧,慕和南道,1000,http://cd.58.com/pinpaigongyu/29934314619966x.shtml
【合租】南延线 中德英伦联邦 5室主卧,中德英伦联邦,1100,http://cd.58.com/pinpaigongyu/30111820517435x.shtml
【合租】南延线 中德英伦联邦 5室主卧,中德英伦联邦,1000,http://cd.58.com/pinpaigongyu/30089959735101x.shtml
【合租】南延线 中德英伦联邦 5室主卧,中德英伦联邦,1000,http://cd.58.com/pinpaigongyu/30125710193742x.shtml
【合租】营门口 为民新居 3室主卧,为民新居,1030,http://cd.58.com/pinpaigongyu/30134280225855x.shtml
【合租】南延线 中德英伦联邦 5室主卧,中德英伦联邦,1100,http://cd.58.com/pinpaigongyu/30081125360311x.shtml
【合租】沙河堡 塔子山壹号 4室主卧,塔子山壹号,1200,http://cd.58.com/pinpaigongyu/30144900561224x.shtml
【合租】万达 汇丽汀香 4室主卧,汇丽汀香,1050,http://cd.58.com/pinpaigongyu/30135221662667x.shtml
【合租】南延线 中德英伦联邦 5室主卧,中德英伦联邦,1000,http://cd.58.com/pinpaigongyu/30123097815979x.shtml
【合租】营门口 为民新居 3室主卧,为民新居,1050,http://cd.58.com/pinpaigongyu/30144732006328x.shtml
【整租】大源村 清凤时代城 1室1厅,清凤时代城,1500,http://cd.58.com/pinpaigongyu/30102354225835x.shtml
【合租】华阳 慕和南道 4室主卧,慕和南道,1000,http://cd.58.com/pinpaigongyu/29934314619966x.shtml
【整租】冠寓 犀浦 龙湖时代天街,犀浦,1200-1500,http://cd.58.com/pinpaigongyu/29163499829048x.shtml
【合租】华阳 慕和南道 4室主卧,慕和南道,1000,http://cd.58.com/pinpaigongyu/29934334456106x.shtml
【整租】航空港 新和领航 1室1厅,新和领航,1500,http://cd.58.com/pinpaigongyu/29816052798794x.shtml
【整租】欢乐谷 华侨城·天鹅堡 1室0厅,华侨城·天鹅堡,1400,http://cd.58.com/pinpaigongyu/29682499843513x.shtml
【整租】优家公寓 大源村 YOU+大源,大源村,1346-1600,http://cd.58.com/pinpaigongyu/30058845082949x.shtml
【整租】百草路 保利香槟国际 1室1厅,保利香槟国际,1300,http://cd.58.com/pinpaigongyu/29525986880567x.shtml
【合租】营门口 为民新居 3室主卧,为民新居,1090,http://cd.58.com/pinpaigongyu/29726958927436x.shtml
【合租】芳草 三九雅园 4室次卧,三九雅园,1000,http://cd.58.com/pinpaigongyu/29691781742905x.shtml
【合租】贝森 蓝光COCO蜜城 6室主卧,蓝光COCO蜜城,1000,http://cd.58.com/pinpaigongyu/30136527826103x.shtml
【整租】大源村 清凤时代城 1室1厅,清凤时代城,1400,http://cd.58.com/pinpaigongyu/30144863554761x.shtml
【整租】大源村 清凤时代城 1室1厅,清凤时代城,1400,http://cd.58.com/pinpaigongyu/30134381934287x.shtml
【合租】营门口 为民新居 3室次卧,为民新居,1030,http://cd.58.com/pinpaigongyu/30134232955975x.shtml
【合租】营门口 为民新居 3室次卧,为民新居,1100,http://cd.58.com/pinpaigongyu/30124029646793x.shtml
【合租】营门口 为民新居 5室次卧,为民新居,1030,http://cd.58.com/pinpaigongyu/30124011853225x.shtml
【整租】大源村 清凤时代城 1室1厅,清凤时代城,1500,http://cd.58.com/pinpaigongyu/30102381609423x.shtml
【合租】国宾 翡翠海湾 3室次卧,翡翠海湾,1100,http://cd.58.com/pinpaigongyu/30103096263622x.shtml
【合租】南延线 中德英伦联邦 5室主卧,中德英伦联邦,1000,http://cd.58.com/pinpaigongyu/30102969077161x.shtml
【合租】天府长城 长城·半岛城邦 5室主卧,长城·半岛城邦,1400,http://cd.58.com/pinpaigongyu/30102288089258x.shtml
【合租】南延线 中德英伦联邦 5室主卧,中德英伦联邦,1100,http://cd.58.com/pinpaigongyu/30113724543819x.shtml
【合租】东升镇 美城悦荣府 4室次卧,美城悦荣府,1000,http://cd.58.com/pinpaigongyu/30045389554228x.shtml
【整租】冠寓 犀浦 龙湖时代天街,犀浦,1200-1500,http://cd.58.com/pinpaigongyu/29163499829048x.shtml
【整租】国宾 金牛花园 1室0厅,金牛花园,1300,http://cd.58.com/pinpaigongyu/29925997870774x.shtml
【整租】沙河堡 塔子山壹号 5室1厅,塔子山壹号,1200,http://cd.58.com/pinpaigongyu/29813682971959x.shtml
【整租】世纪城 仁美大源印象 1室1厅,仁美大源印象,1500,http://cd.58.com/pinpaigongyu/29923214964420x.shtml
【整租】优家公寓 大源村 YOU+大源,大源村,1346-1600,http://cd.58.com/pinpaigongyu/30058845082949x.shtml
【合租】理想中心 时代晶科名苑 5室次卧,时代晶科名苑,1280,http://cd.58.com/pinpaigongyu/29936193200696x.shtml
【合租】营门口 为民新居 3室主卧,为民新居,1050,http://cd.58.com/pinpaigongyu/30101695229355x.shtml
【合租】外光华 中铁瑞景颐城 4室主卧,中铁瑞景颐城,1000,http://cd.58.com/pinpaigongyu/29967914003005x.shtml
【合租】营门口 为民新居 3室主卧,为民新居,1090,http://cd.58.com/pinpaigongyu/29725296242511x.shtml
【合租】九眼桥 青青河畔 4室主卧,青青河畔,1350,http://cd.58.com/pinpaigongyu/30134775109197x.shtml
【合租】天府长城 长城·半岛城邦 5室主卧,长城·半岛城邦,1400,http://cd.58.com/pinpaigongyu/30122433324878x.shtml
【合租】莲桂路 帕丽湾 5室主卧,帕丽湾,1050,http://cd.58.com/pinpaigongyu/30126358694698x.shtml
【合租】华阳 慕和南道 5室主卧,慕和南道,1000,http://cd.58.com/pinpaigongyu/30068183111224x.shtml
【合租】天府长城 长城·半岛城邦 5室次卧,长城·半岛城邦,1400,http://cd.58.com/pinpaigongyu/30080294045504x.shtml
【合租】华阳 慕和南道 5室主卧,慕和南道,1000,http://cd.58.com/pinpaigongyu/30068178057278x.shtml
【合租】神仙树 桐梓林壹号 5室次卧,桐梓林壹号,1200,http://cd.58.com/pinpaigongyu/30134160311476x.shtml
【合租】桐梓林 首航欣程 4室次卧,首航欣程,1000,http://cd.58.com/pinpaigongyu/30134646885064x.shtml
【合租】南延线 中德英伦联邦 5室主卧,中德英伦联邦,1000,http://cd.58.com/pinpaigongyu/30113794559801x.shtml
【合租】天府长城 长城·半岛城邦 5室主卧,长城·半岛城邦,1400,http://cd.58.com/pinpaigongyu/30111755248463x.shtml
【合租】金融城 天府欣苑 5室次卧,天府欣苑,1080,http://cd.58.com/pinpaigongyu/30123016022981x.shtml
【整租】冠寓 犀浦 龙湖时代天街,犀浦,1200-1500,http://cd.58.com/pinpaigongyu/29163499829048x.shtml
【合租】东升镇 美城悦荣府 4室主卧,美城悦荣府,1000,http://cd.58.com/pinpaigongyu/29979035278008x.shtml
【合租】跳伞塔 保利中心 4室次卧,保利中心,1150,http://cd.58.com/pinpaigongyu/30078550223276x.shtml
【整租】大源村 保利心语上府 1室1厅,保利心语上府,1380,http://cd.58.com/pinpaigongyu/29890156938302x.shtml
【整租】优家公寓 大源村 YOU+大源,大源村,1346-1600,http://cd.58.com/pinpaigongyu/30058845082949x.shtml
【合租】大源村 金控时代广场 4室主卧,金控时代广场,1300,http://cd.58.com/pinpaigongyu/29779686313416x.shtml
【合租】外光华 中铁瑞景颐城 4室主卧,中铁瑞景颐城,1050,http://cd.58.com/pinpaigongyu/29868336416699x.shtml
【整租】世纪城 仁美大源印象 1室1厅,仁美大源印象,1500,http://cd.58.com/pinpaigongyu/29856513452334x.shtml
【合租】营门口 为民新居 3室主卧,为民新居,1090,http://cd.58.com/pinpaigongyu/29979353902142x.shtml
【合租】天府长城 长城·半岛城邦 5室主卧,长城·半岛城邦,1400,http://cd.58.com/pinpaigongyu/30111755248463x.shtml
【合租】世纪城 光明城市 4室主卧,光明城市,1000,http://cd.58.com/pinpaigongyu/29525541392830x.shtml
【合租】南延线 中德英伦联邦 5室次卧,中德英伦联邦,1000,http://cd.58.com/pinpaigongyu/30080603687504x.shtml
【合租】天府长城 长城·半岛城邦 5室主卧,长城·半岛城邦,1400,http://cd.58.com/pinpaigongyu/30113691710513x.shtml
【合租】华阳 南阳锦城 4室主卧,南阳锦城,1000,http://cd.58.com/pinpaigongyu/30100615591849x.shtml
【整租】大源村 清凤时代城 1室1厅,清凤时代城,1400,http://cd.58.com/pinpaigongyu/30134394018896x.shtml
【合租】华阳 慕和南道 5室主卧,慕和南道,1000,http://cd.58.com/pinpaigongyu/30068188980667x.shtml
【合租】九眼桥 青青河畔 4室主卧,青青河畔,1400,http://cd.58.com/pinpaigongyu/30088314744002x.shtml
【整租】金沙 公元西 1室1厅,公元西,1400,http://cd.58.com/pinpaigongyu/30144824267177x.shtml
【合租】营门口 为民新居 5室次卧,为民新居,1030,http://cd.58.com/pinpaigongyu/30124120176297x.shtml
【整租】百草路 保利香槟国际 1室1厅,保利香槟国际,1300,http://cd.58.com/pinpaigongyu/29815014190267x.shtml
【整租】冠寓 犀浦 龙湖时代天街,犀浦,1200-1500,http://cd.58.com/pinpaigongyu/29163499829048x.shtml
【合租】营门口 为民新居 3室主卧,为民新居,1030,http://cd.58.com/pinpaigongyu/29824231561677x.shtml
【整租】世纪城 仁美大源印象 1室1厅,仁美大源印象,1500,http://cd.58.com/pinpaigongyu/29923170203829x.shtml
【合租】营门口 为民新居 3室主卧,为民新居,1050,http://cd.58.com/pinpaigongyu/29845945234896x.shtml
【整租】优家公寓 大源村 YOU+大源,大源村,1346-1600,http://cd.58.com/pinpaigongyu/30058845082949x.shtml
【整租】世纪城 仁美大源印象 1室1厅,仁美大源印象,1500,http://cd.58.com/pinpaigongyu/29856549697611x.shtml
【合租】东升镇 美城悦荣府 4室次卧,美城悦荣府,1500,http://cd.58.com/pinpaigongyu/29989527717177x.shtml
【合租】营门口 为民新居 3室主卧,为民新居,1030,http://cd.58.com/pinpaigongyu/29979165424695x.shtml
【合租】五桂桥 水岸华庭 4室主卧,水岸华庭,1000,http://cd.58.com/pinpaigongyu/29847391419199x.shtml
【合租】营门口 为民新居 5室次卧,为民新居,1030,http://cd.58.com/pinpaigongyu/30124120176297x.shtml
【合租】营门口 为民新居 5室次卧,为民新居,1030,http://cd.58.com/pinpaigongyu/30134179734451x.shtml
【合租】天府长城 长城·半岛城邦 5室主卧,长城·半岛城邦,1400,http://cd.58.com/pinpaigongyu/30122379808569x.shtml
【合租】天府长城 长城·半岛城邦 5室主卧,长城·半岛城邦,1400,http://cd.58.com/pinpaigongyu/30089794699194x.shtml
【合租】南延线 中德英伦联邦 5室主卧,中德英伦联邦,1000,http://cd.58.com/pinpaigongyu/30092735896881x.shtml
【合租】南延线 中德英伦联邦 5室主卧,中德英伦联邦,1000,http://cd.58.com/pinpaigongyu/30081332468043x.shtml
【合租】营门口 为民新居 3室次卧,为民新居,1050,http://cd.58.com/pinpaigongyu/30124163121330x.shtml
【整租】大源村 清凤时代城 1室1厅,清凤时代城,1400,http://cd.58.com/pinpaigongyu/30134412732231x.shtml
【整租】金沙 公元西 1室0厅,公元西,1350,http://cd.58.com/pinpaigongyu/30136492858694x.shtml
【合租】东升镇 美城悦荣府 4室主卧,美城悦荣府,1000,http://cd.58.com/pinpaigongyu/30068060221362x.shtml
【合租】大源村 人居·天府欣苑 5室主卧,人居·天府欣苑,1350,http://cd.58.com/pinpaigongyu/29702124667597x.shtml
【整租】冠寓 犀浦 龙湖时代天街,犀浦,1200-1500,http://cd.58.com/pinpaigongyu/29163499829048x.shtml
【合租】大源村 建发·中央鹭洲 4室主卧,建发·中央鹭洲,1200,http://cd.58.com/pinpaigongyu/29768196842047x.shtml
【整租】总站片区 世茂城二期 2室1厅,世茂城二期,1500,http://cd.58.com/pinpaigongyu/29946260046643x.shtml
【合租】南延线 汇翠园南城都汇 4室次卧,汇翠园南城都汇,1000,http://cd.58.com/pinpaigongyu/29813222345660x.shtml
【整租】优家公寓 大源村 YOU+大源,大源村,1346-1600,http://cd.58.com/pinpaigongyu/30058845082949x.shtml
【合租】外光华 中铁瑞景颐城 4室主卧,中铁瑞景颐城,1050,http://cd.58.com/pinpaigongyu/29746545741001x.shtml
【合租】外光华 保利香槟光华 5室主卧,保利香槟光华,1000,http://cd.58.com/pinpaigongyu/30013516381758x.shtml
【合租】美年广场 仁美大源印象 4室主卧,仁美大源印象,1050,http://cd.58.com/pinpaigongyu/29691820446908x.shtml
【合租】外光华 中铁瑞景颐城 4室主卧,中铁瑞景颐城,1000,http://cd.58.com/pinpaigongyu/29923623111484x.shtml
【合租】东光小区 翡翠城5期 4室次卧,翡翠城5期,1000,http://cd.58.com/pinpaigongyu/30067408070186x.shtml
【合租】天府长城 江南岸 3室次卧,江南岸,1200,http://cd.58.com/pinpaigongyu/30072979768136x.shtml
【合租】南延线 中德英伦联邦 5室主卧,中德英伦联邦,1100,http://cd.58.com/pinpaigongyu/30123017386950x.shtml
【合租】营门口 为民新居 5室次卧,为民新居,1030,http://cd.58.com/pinpaigongyu/30123999240116x.shtml
【合租】大源村 清凤时代城 5室主卧,清凤时代城,1150,http://cd.58.com/pinpaigongyu/30102356153419x.shtml
【合租】九眼桥 外滩 4室次卧,外滩,1100,http://cd.58.com/pinpaigongyu/30135379302214x.shtml
【合租】东升镇 美城悦荣府 4室主卧,美城悦荣府,1000,http://cd.58.com/pinpaigongyu/30011463361359x.shtml
【整租】冠寓 犀浦 龙湖时代天街,犀浦,1200-1500,http://cd.58.com/pinpaigongyu/29163499829048x.shtml
【合租】九里堤 长城花园(金牛) 4室主卧,长城花园(金牛),1080,http://cd.58.com/pinpaigongyu/29929238462770x.shtml
【合租】金融城 人居·天府欣苑 5室次卧,人居·天府欣苑,1080,http://cd.58.com/pinpaigongyu/30045318415291x.shtml
【合租】东升镇 美城悦荣府 4室主卧,美城悦荣府,1000,http://cd.58.com/pinpaigongyu/30011426423991x.shtml
【整租】优家公寓 大源村 YOU+大源,大源村,1346-1600,http://cd.58.com/pinpaigongyu/30058845082949x.shtml
【合租】神仙树 玲珑南域 1室次卧,玲珑南域,1000,http://cd.58.com/pinpaigongyu/30024722020810x.shtml
【合租】万年场 华润二十四城四期 6室主卧,华润二十四城四期,1200,http://cd.58.com/pinpaigongyu/29805326378192x.shtml
【合租】外光华 中铁瑞景颐城 4室次卧,中铁瑞景颐城,1000,http://cd.58.com/pinpaigongyu/29846352412355x.shtml
【合租】金融城 人居·天府欣苑 5室次卧,人居·天府欣苑,1350,http://cd.58.com/pinpaigongyu/29912925474639x.shtml
【合租】外光华 中铁瑞景颐城 4室主卧,中铁瑞景颐城,1050,http://cd.58.com/pinpaigongyu/29934748575290x.shtml
【合租】金融城 天府欣苑 5室次卧,天府欣苑,1300,http://cd.58.com/pinpaigongyu/29779744333997x.shtml
【合租】外光华 中铁瑞景颐城 4室主卧,中铁瑞景颐城,1050,http://cd.58.com/pinpaigongyu/29713598509773x.shtml
【合租】营门口 为民新居 3室主卧,为民新居,1050,http://cd.58.com/pinpaigongyu/29835283203137x.shtml
【整租】冠寓 犀浦 龙湖时代天街,犀浦,1200-1500,http://cd.58.com/pinpaigongyu/29163499829048x.shtml
【合租】东升镇 美城悦荣府 4室主卧,美城悦荣府,1000,http://cd.58.com/pinpaigongyu/29945366643014x.shtml
【合租】华阳 金茂光明城市 5室主卧,金茂光明城市,1050,http://cd.58.com/pinpaigongyu/29692706356526x.shtml
【合租】大源村 保利心语上府 3室主卧,保利心语上府,1280,http://cd.58.com/pinpaigongyu/29959940682576x.shtml
【整租】优家公寓 大源村 YOU+大源,大源村,1346-1600,http://cd.58.com/pinpaigongyu/30058845082949x.shtml
【合租】营门口 为民新居 3室主卧,为民新居,1050,http://cd.58.com/pinpaigongyu/29606937353646x.shtml
【合租】营门口 为民新居 3室主卧,为民新居,1050,http://cd.58.com/pinpaigongyu/29558829082551x.shtml
【整租】百草路 保利香槟国际 1室1厅,保利香槟国际,1300,http://cd.58.com/pinpaigongyu/29814874992189x.shtml
【合租】跳伞塔 保利中心 5室次卧,保利中心,1200,http://cd.58.com/pinpaigongyu/30078797725757x.shtml
【合租】营门口 为民新居 3室主卧,为民新居,1050,http://cd.58.com/pinpaigongyu/29780018076083x.shtml
【合租】东升镇 美城悦荣府 4室次卧,美城悦荣府,1000,http://cd.58.com/pinpaigongyu/30133857845171x.shtml
【合租】外光华 中铁瑞景颐城 4室主卧,中铁瑞景颐城,1050,http://cd.58.com/pinpaigongyu/29802415472073x.shtml
【合租】营门口 为民新居 3室主卧,为民新居,1030,http://cd.58.com/pinpaigongyu/29881569182897x.shtml
【合租】外光华 中铁瑞景颐城 4室主卧,中铁瑞景颐城,1050,http://cd.58.com/pinpaigongyu/29835509466573x.shtml
【合租】营门口 为民新居 3室次卧,为民新居,1030,http://cd.58.com/pinpaigongyu/29980377297866x.shtml
【合租】华阳 慕和南道 4室主卧,慕和南道,1000,http://cd.58.com/pinpaigongyu/30056742390314x.shtml
【合租】东升镇 美城悦荣府 4室次卧,美城悦荣府,1000,http://cd.58.com/pinpaigongyu/30133848498373x.shtml
【整租】世纪城 仁美大源印象 1室1厅,仁美大源印象,1500,http://cd.58.com/pinpaigongyu/29924412419777x.shtml
【合租】东升镇 美城悦荣府 4室主卧,美城悦荣府,1000,http://cd.58.com/pinpaigongyu/29978867381929x.shtml
【整租】世纪城 仁美大源印象 1室1厅,仁美大源印象,1500,http://cd.58.com/pinpaigongyu/29924412419777x.shtml
【整租】冠寓 犀浦 龙湖时代天街,犀浦,1200-1500,http://cd.58.com/pinpaigongyu/29163499829048x.shtml
【合租】东升镇 美城悦荣府 4室主卧,美城悦荣府,1000,http://cd.58.com/pinpaigongyu/30133814624707x.shtml
【合租】营门口 新雨香沁 4室主卧,新雨香沁,1250,http://cd.58.com/pinpaigongyu/29918756704058x.shtml
【合租】营门口 为民新居 3室主卧,为民新居,1030,http://cd.58.com/pinpaigongyu/29935156912324x.shtml
【整租】优家公寓 大源村 YOU+大源,大源村,1346-1600,http://cd.58.com/pinpaigongyu/30058845082949x.shtml
【合租】外光华 中铁瑞景颐城 4室主卧,中铁瑞景颐城,1050,http://cd.58.com/pinpaigongyu/29824276548791x.shtml
【合租】金融城 时代晶科名苑 5室次卧,时代晶科名苑,1050,http://cd.58.com/pinpaigongyu/29993354841912x.shtml
【合租】桐梓林 中建桐梓林壹号 4室主卧,中建桐梓林壹号,1450,http://cd.58.com/pinpaigongyu/29835756137283x.shtml
【合租】沙湾 为民新居 3室主卧,为民新居,1050,http://cd.58.com/pinpaigongyu/29846284648109x.shtml
【合租】东升镇 美城悦荣府 4室主卧,美城悦荣府,1000,http://cd.58.com/pinpaigongyu/29989569830969x.shtml
【整租】航空港 新和领航 1室1厅,新和领航,1500,http://cd.58.com/pinpaigongyu/29947425583529x.shtml
【整租】航空港 新和领航 1室1厅,新和领航,1500,http://cd.58.com/pinpaigongyu/29871695731384x.shtml
【整租】世纪城 仁美大源印象 1室1厅,仁美大源印象,1500,http://cd.58.com/pinpaigongyu/29889612121522x.shtml
【合租】营门口 为民新居 3室主卧,为民新居,1090,http://cd.58.com/pinpaigongyu/29923583318841x.shtml
【合租】金沙 金地·嘉年华城新 4室次卧,金地·嘉年华城新,1035,http://cd.58.com/pinpaigongyu/29924868460204x.shtml
【合租】理想中心 时代晶科名苑 5室次卧,时代晶科名苑,1100,http://cd.58.com/pinpaigongyu/29779665336270x.shtml
【合租】天府长城 长城南苑 3室主卧,长城南苑,1500,http://cd.58.com/pinpaigongyu/30113409892937x.shtml
【整租】世纪城 仁美大源印象 1室1厅,仁美大源印象,1500,http://cd.58.com/pinpaigongyu/29889667666246x.shtml
【合租】孵化园 天府世家 5室次卧,天府世家,1100,http://cd.58.com/pinpaigongyu/29803744734401x.shtml
【合租】孵化园 天府世家 5室次卧,天府世家,1100,http://cd.58.com/pinpaigongyu/29803744734401x.shtml
【整租】冠寓 犀浦 龙湖时代天街,犀浦,1200-1500,http://cd.58.com/pinpaigongyu/29163499829048x.shtml
【合租】东升镇 美城悦荣府 4室主卧,美城悦荣府,1000,http://cd.58.com/pinpaigongyu/30067059645133x.shtml
【整租】世纪城 仁美大源印象 1室1厅,仁美大源印象,1500,http://cd.58.com/pinpaigongyu/29889706005712x.shtml
【合租】玉林 白玉巷3号院 4室次卧,白玉巷3号院,1000,http://cd.58.com/pinpaigongyu/30078669881915x.shtml
【整租】优家公寓 大源村 YOU+大源,大源村,1346-1600,http://cd.58.com/pinpaigongyu/30058845082949x.shtml
【合租】外光华 中铁瑞景颐城 4室主卧,中铁瑞景颐城,1000,http://cd.58.com/pinpaigongyu/30122879681594x.shtml
【合租】外光华 中铁瑞景颐城 4室主卧,中铁瑞景颐城,1000,http://cd.58.com/pinpaigongyu/29967834417977x.shtml
【合租】火车南站 江南岸 1室次卧,江南岸,1200,http://cd.58.com/pinpaigongyu/29670615122731x.shtml
【整租】欢乐谷 华侨城原岸 1室0厅,华侨城原岸,1400,http://cd.58.com/pinpaigongyu/30101640292411x.shtml
【整租】世纪城 仁美大源印象 1室1厅,仁美大源印象,1500,http://cd.58.com/pinpaigongyu/29933889305399x.shtml
【合租】东升镇 美城悦荣府 5室主卧,美城悦荣府,1000,http://cd.58.com/pinpaigongyu/29934757282504x.shtml
【合租】营门口 为民新居 3室主卧,为民新居,1050,http://cd.58.com/pinpaigongyu/29881727422277x.shtml
【合租】东升镇 美城悦荣府 4室主卧,美城悦荣府,1000,http://cd.58.com/pinpaigongyu/29979029654223x.shtml
【合租】东光小区 爱家丽苑 6室主卧,爱家丽苑,1000,http://cd.58.com/pinpaigongyu/29992016285382x.shtml
【合租】沙湾 为民新居 3室主卧,为民新居,1050,http://cd.58.com/pinpaigongyu/29791280454444x.shtml
【合租】营门口 为民新居 3室主卧,为民新居,1050,http://cd.58.com/pinpaigongyu/29824599223593x.shtml
【整租】航空港 新和领航 1室1厅,新和领航,1500,http://cd.58.com/pinpaigongyu/29870512644280x.shtml
【合租】紫荆 城市春天 6室主卧,城市春天,1200,http://cd.58.com/pinpaigongyu/29670098864580x.shtml
【合租】金融城 天府欣苑 5室次卧,天府欣苑,1300,http://cd.58.com/pinpaigongyu/29779746515764x.shtml
【合租】天府长城 长城南苑 3室主卧,长城南苑,1500,http://cd.58.com/pinpaigongyu/30028723914433x.shtml
【整租】冠寓 犀浦 龙湖时代天街,犀浦,1200-1500,http://cd.58.com/pinpaigongyu/29163499829048x.shtml
【合租】华阳 慕和南道 4室主卧,慕和南道,1000,http://cd.58.com/pinpaigongyu/29934324401838x.shtml
【合租】东升镇 美城悦荣府 5室主卧,美城悦荣府,1000,http://cd.58.com/pinpaigongyu/29934774920523x.shtml
【合租】神仙树 i都会 4室主卧,i都会,1100,http://cd.58.com/pinpaigongyu/29705093058492x.shtml
【整租】优家公寓 大源村 YOU+大源,大源村,1346-1600,http://cd.58.com/pinpaigongyu/30058845082949x.shtml
【合租】南苑 天府世家 3室次卧,天府世家,1300,http://cd.58.com/pinpaigongyu/29704563662779x.shtml
【合租】跳伞塔 保利中心 5室次卧,保利中心,1200,http://cd.58.com/pinpaigongyu/30092980167224x.shtml
【合租】外光华 中铁瑞景颐城 4室主卧,中铁瑞景颐城,1050,http://cd.58.com/pinpaigongyu/29724616797123x.shtml
【合租】理想中心 时代晶科名苑 5室次卧,时代晶科名苑,1100,http://cd.58.com/pinpaigongyu/29779677297332x.shtml
【合租】外光华 中铁瑞景颐城 4室主卧,中铁瑞景颐城,1050,http://cd.58.com/pinpaigongyu/29858037096248x.shtml
【整租】航空港 新和领航 1室1厅,新和领航,1500,http://cd.58.com/pinpaigongyu/29826142234690x.shtml
【合租】南苑 天府欣苑 5室次卧,天府欣苑,1300,http://cd.58.com/pinpaigongyu/29993403186630x.shtml
【合租】营门口 为民新居 3室主卧,为民新居,1050,http://cd.58.com/pinpaigongyu/29481291323600x.shtml
【合租】华阳 万科海悦汇城（东 1室次卧,万科海悦汇城（东,1000,http://cd.58.com/pinpaigongyu/29033405855148x.shtml
【合租】营门口 为民新居 3室主卧,为民新居,1030,http://cd.58.com/pinpaigongyu/29881512046771x.shtml
【合租】外光华 中铁瑞景颐城 4室主卧,中铁瑞景颐城,1050,http://cd.58.com/pinpaigongyu/29858006511304x.shtml
【合租】芳草 三九雅园 4室次卧,三九雅园,1000,http://cd.58.com/pinpaigongyu/29806049185982x.shtml
【合租】东升镇 美城悦荣府 4室主卧,美城悦荣府,1000,http://cd.58.com/pinpaigongyu/30056141838148x.shtml
【合租】外光华 保利香槟光华 5室次卧,保利香槟光华,1000,http://cd.58.com/pinpaigongyu/29979669689539x.shtml
【合租】理想中心 时代晶科名苑 5室次卧,时代晶科名苑,1100,http://cd.58.com/pinpaigongyu/29779661529013x.shtml
【整租】冠寓 犀浦 龙湖时代天街,犀浦,1200-1500,http://cd.58.com/pinpaigongyu/29163499829048x.shtml
【合租】东升镇 美城悦荣府 4室主卧,美城悦荣府,1000,http://cd.58.com/pinpaigongyu/30111752297268x.shtml
【合租】营门口 为民新居 3室主卧,为民新居,1050,http://cd.58.com/pinpaigongyu/30123212707401x.shtml
【合租】营门口 为民新居 4室主卧,为民新居,1090,http://cd.58.com/pinpaigongyu/29725280839860x.shtml
【整租】优家公寓 大源村 YOU+大源,大源村,1346-1600,http://cd.58.com/pinpaigongyu/30058845082949x.shtml
【合租】万年场 华润二十四城四期 6室主卧,华润二十四城四期,1300,http://cd.58.com/pinpaigongyu/29805327020087x.shtml
【合租】世纪城 智地哥谭 3室次卧,智地哥谭,1290,http://cd.58.com/pinpaigongyu/29890229811405x.shtml
【整租】世纪城 仁美大源印象 1室1厅,仁美大源印象,1500,http://cd.58.com/pinpaigongyu/29923200635065x.shtml
【合租】芳草 瑞升丽苑 1室次卧,瑞升丽苑,1150,http://cd.58.com/pinpaigongyu/30024807217230x.shtml
【整租】航空港 新和领航 1室1厅,新和领航,1500,http://cd.58.com/pinpaigongyu/29947375423025x.shtml
【合租】大源村 人居·天府欣苑 5室主卧,人居·天府欣苑,1350,http://cd.58.com/pinpaigongyu/29779641329606x.shtml
【合租】金融城 天府欣苑 5室次卧,天府欣苑,1300,http://cd.58.com/pinpaigongyu/30045023436870x.shtml
【合租】营门口 为民新居 3室主卧,为民新居,1030,http://cd.58.com/pinpaigongyu/29525236469171x.shtml
【合租】外光华 中铁瑞景颐城 4室主卧,中铁瑞景颐城,1050,http://cd.58.com/pinpaigongyu/29694303944123x.shtml
【合租】万达 龙光·天悦龙庭 4室主卧,龙光·天悦龙庭,1050,http://cd.58.com/pinpaigongyu/29694081610026x.shtml
【合租】营门口 为民新居 3室主卧,为民新居,1090,http://cd.58.com/pinpaigongyu/29857150979890x.shtml
【整租】一品天下 水岸汇景 1室0厅,水岸汇景,1400,http://cd.58.com/pinpaigongyu/30024274152244x.shtml
【整租】航空港 新和领航 1室1厅,新和领航,1450,http://cd.58.com/pinpaigongyu/29946479094072x.shtml
【合租】营门口 为民新居 3室次卧,为民新居,1090,http://cd.58.com/pinpaigongyu/29725470979637x.shtml
【合租】营门口 为民新居 3室次卧,为民新居,1090,http://cd.58.com/pinpaigongyu/29725470979637x.shtml
【整租】冠寓 犀浦 龙湖时代天街,犀浦,1200-1500,http://cd.58.com/pinpaigongyu/29163499829048x.shtml
【合租】营门口 为民新居 3室主卧,为民新居,1050,http://cd.58.com/pinpaigongyu/30124221666763x.shtml
【合租】火车南站 中建桐梓林壹号 4室主卧,中建桐梓林壹号,1500,http://cd.58.com/pinpaigongyu/29835775888203x.shtml
【合租】营门口 为民新居 3室主卧,为民新居,1090,http://cd.58.com/pinpaigongyu/29725564396361x.shtml
【整租】优家公寓 大源村 YOU+大源,大源村,1346-1600,http://cd.58.com/pinpaigongyu/30058845082949x.shtml
【合租】营门口 为民新居 3室主卧,为民新居,1030,http://cd.58.com/pinpaigongyu/29725251743943x.shtml
【合租】营门口 为民新居 3室主卧,为民新居,1090,http://cd.58.com/pinpaigongyu/29835316697792x.shtml
【合租】金沙 金沙鹭岛二期 6室次卧,金沙鹭岛二期,1000,http://cd.58.com/pinpaigongyu/30023211847090x.shtml
【合租】营门口 为民新居 3室主卧,为民新居,1090,http://cd.58.com/pinpaigongyu/29923481508685x.shtml
【合租】玉林 玉通巷5号院 4室次卧,玉通巷5号院,1000,http://cd.58.com/pinpaigongyu/29824577190338x.shtml
【合租】外光华 中铁瑞景颐城 4室主卧,中铁瑞景颐城,1050,http://cd.58.com/pinpaigongyu/29802450922556x.shtml
【合租】东升镇 美城悦荣府 4室主卧,美城悦荣府,1000,http://cd.58.com/pinpaigongyu/29979039971527x.shtml
【合租】南延线 中海九号公馆 5室次卧,中海九号公馆,1100,http://cd.58.com/pinpaigongyu/30123007059777x.shtml
【整租】航空港 新和领航 1室1厅,新和领航,1500,http://cd.58.com/pinpaigongyu/29890692671936x.shtml
【合租】天府长城 长城南苑 3室主卧,长城南苑,1500,http://cd.58.com/pinpaigongyu/29705014528590x.shtml
【合租】火车南站 都会路苑 5室次卧,都会路苑,1000,http://cd.58.com/pinpaigongyu/29704986384170x.shtml
【合租】东大街 金府花园 5室次卧,金府花园,1000,http://cd.58.com/pinpaigongyu/29705423453762x.shtml
【整租】航空港 新和领航 1室1厅,新和领航,1500,http://cd.58.com/pinpaigongyu/29879641308202x.shtml
【合租】紫荆 城市春天 6室主卧,城市春天,1200,http://cd.58.com/pinpaigongyu/29670112574516x.shtml
【合租】紫荆 城市春天 6室主卧,城市春天,1200,http://cd.58.com/pinpaigongyu/29670112574516x.shtml
【整租】冠寓 犀浦 龙湖时代天街,犀浦,1200-1500,http://cd.58.com/pinpaigongyu/29163499829048x.shtml
【合租】贝森 蓝光COCO蜜城 6室主卧,蓝光COCO蜜城,1100,http://cd.58.com/pinpaigongyu/29760010500919x.shtml
【合租】金融城 天府欣苑 5室主卧,天府欣苑,1350,http://cd.58.com/pinpaigongyu/29779647474888x.shtml
【合租】桐梓林 锦绣花园东区 6室主卧,锦绣花园东区,1150,http://cd.58.com/pinpaigongyu/29790610060858x.shtml
【整租】优家公寓 大源村 YOU+大源,大源村,1346-1600,http://cd.58.com/pinpaigongyu/30058845082949x.shtml
【合租】九眼桥 朝阳名宅 4室主卧,朝阳名宅,1000,http://cd.58.com/pinpaigongyu/29705426898370x.shtml
【合租】成仁路 龙光天悦龙庭 5室主卧,龙光天悦龙庭,1050,http://cd.58.com/pinpaigongyu/29694033370293x.shtml
【合租】金融城 天府欣苑 5室次卧,天府欣苑,1000,http://cd.58.com/pinpaigongyu/29779732808376x.shtml
【合租】南延线 朗基天香 4室次卧,朗基天香,1000,http://cd.58.com/pinpaigongyu/30045290238505x.shtml
【整租】航空港 新和领航 1室1厅,新和领航,1500,http://cd.58.com/pinpaigongyu/29871714271029x.shtml
【合租】大源村 建发·中央鹭洲 4室主卧,建发·中央鹭洲,1200,http://cd.58.com/pinpaigongyu/29901498386621x.shtml
【合租】营门口 为民新居 3室主卧,为民新居,1050,http://cd.58.com/pinpaigongyu/29814378295111x.shtml
【合租】东升镇 美城悦荣府 4室主卧,美城悦荣府,1000,http://cd.58.com/pinpaigongyu/29978855059768x.shtml
【合租】大源村 保利心语上府 3室主卧,保利心语上府,1280,http://cd.58.com/pinpaigongyu/29959966475063x.shtml
【合租】营门口 为民新居 3室主卧,为民新居,1090,http://cd.58.com/pinpaigongyu/29923861078086x.shtml
【合租】跳伞塔 保利中心 5室次卧,保利中心,1150,http://cd.58.com/pinpaigongyu/30078549464780x.shtml
【合租】理想中心 汇翠园南城都汇 4室主卧,汇翠园南城都汇,1280,http://cd.58.com/pinpaigongyu/29835322635191x.shtml
【合租】蜀汉路 凯丽豪景 4室主卧,凯丽豪景,1050,http://cd.58.com/pinpaigongyu/29990586615370x.shtml
【合租】营门口 为民新居 3室主卧,为民新居,1090,http://cd.58.com/pinpaigongyu/29725223305680x.shtml
【合租】理想中心 时代晶科名苑 5室次卧,时代晶科名苑,1100,http://cd.58.com/pinpaigongyu/29779660543404x.shtml
【整租】冠寓 犀浦 龙湖时代天街,犀浦,1200-1500,http://cd.58.com/pinpaigongyu/29163499829048x.shtml
【合租】东升镇 美城悦荣府 4室主卧,美城悦荣府,1000,http://cd.58.com/pinpaigongyu/30044742408779x.shtml
【合租】外光华 中铁瑞景颐城 4室主卧,中铁瑞景颐城,1050,http://cd.58.com/pinpaigongyu/29934772862131x.shtml
【合租】营门口 为民新居 3室主卧,为民新居,1030,http://cd.58.com/pinpaigongyu/29881581387820x.shtml
【整租】优家公寓 大源村 YOU+大源,大源村,1346-1600,http://cd.58.com/pinpaigongyu/30058845082949x.shtml
【合租】营门口 为民新居 3室主卧,为民新居,1030,http://cd.58.com/pinpaigongyu/29726946555196x.shtml
【合租】大源村 建发天府鹭洲 5室主卧,建发天府鹭洲,1100,http://cd.58.com/pinpaigongyu/29792727748038x.shtml
【合租】贝森 蓝光COCO蜜城 6室主卧,蓝光COCO蜜城,1000,http://cd.58.com/pinpaigongyu/29771618955208x.shtml
【合租】金融城 人居·天府欣苑 5室次卧,人居·天府欣苑,1000,http://cd.58.com/pinpaigongyu/29912920976705x.shtml
【合租】东升镇 美城悦荣府 4室主卧,美城悦荣府,1000,http://cd.58.com/pinpaigongyu/30044785040948x.shtml
【合租】营门口 为民新居 3室主卧,为民新居,1030,http://cd.58.com/pinpaigongyu/29846291746734x.shtml
【合租】外光华 中铁瑞景颐城 4室主卧,中铁瑞景颐城,1000,http://cd.58.com/pinpaigongyu/29956898887730x.shtml
【合租】万年场 华润二十四城一期 4室主卧,华润二十四城一期,1100,http://cd.58.com/pinpaigongyu/29779588330425x.shtml
【整租】世纪城 仁美大源印象 1室1厅,仁美大源印象,1500,http://cd.58.com/pinpaigongyu/29911781646515x.shtml
【合租】外光华 中铁瑞景颐城 4室主卧,中铁瑞景颐城,1050,http://cd.58.com/pinpaigongyu/29647796721741x.shtml
【合租】营门口 为民新居 3室主卧,为民新居,1090,http://cd.58.com/pinpaigongyu/29812742975813x.shtml
【合租】外光华 中铁瑞景颐城 4室主卧,中铁瑞景颐城,1050,http://cd.58.com/pinpaigongyu/29746536154687x.shtml
【合租】东升镇 美城悦荣府 4室主卧,美城悦荣府,1000,http://cd.58.com/pinpaigongyu/30056136629577x.shtml
【合租】沙湾 为民新居 3室主卧,为民新居,1050,http://cd.58.com/pinpaigongyu/29791202894657x.shtml
【合租】沙湾 为民新居 3室主卧,为民新居,1050,http://cd.58.com/pinpaigongyu/29791202894657x.shtml
【整租】冠寓 犀浦 龙湖时代天街,犀浦,1200-1500,http://cd.58.com/pinpaigongyu/29163499829048x.shtml
【整租】航空港 新和领航 1室1厅,新和领航,1500,http://cd.58.com/pinpaigongyu/29868294844079x.shtml
【合租】沙湾 为民新居 3室主卧,为民新居,1050,http://cd.58.com/pinpaigongyu/29791648359220x.shtml
【合租】东升镇 美城悦荣府 4室主卧,美城悦荣府,1000,http://cd.58.com/pinpaigongyu/30100039523519x.shtml
【整租】优家公寓 大源村 YOU+大源,大源村,1346-1600,http://cd.58.com/pinpaigongyu/30058845082949x.shtml
【合租】营门口 为民新居 3室主卧,为民新居,1090,http://cd.58.com/pinpaigongyu/29934837009860x.shtml
【整租】航空港 新和领航 1室1厅,新和领航,1500,http://cd.58.com/pinpaigongyu/29981302622257x.shtml
【合租】外光华 中铁瑞景颐城 4室主卧,中铁瑞景颐城,1050,http://cd.58.com/pinpaigongyu/29724593570249x.shtml
【合租】五桂桥 信和·御龙山 4室主卧,信和·御龙山,1100,http://cd.58.com/pinpaigongyu/29926322937790x.shtml
【合租】外光华 中铁瑞景颐城 4室主卧,中铁瑞景颐城,1050,http://cd.58.com/pinpaigongyu/29879412657230x.shtml
【合租】外光华 中铁瑞景颐城 4室主卧,中铁瑞景颐城,1050,http://cd.58.com/pinpaigongyu/29879418905779x.shtml
【整租】航空港 新和领航 1室1厅,新和领航,1500,http://cd.58.com/pinpaigongyu/29826014669236x.shtml
【整租】欢乐谷 华侨城·天鹅堡 1室0厅,华侨城·天鹅堡,1400,http://cd.58.com/pinpaigongyu/29837943356999x.shtml
【整租】蜀汉路 西城上域 1室0厅,西城上域,1200,http://cd.58.com/pinpaigongyu/29981984614315x.shtml
【合租】南延线 汇翠园南城都汇 4室主卧,汇翠园南城都汇,1280,http://cd.58.com/pinpaigongyu/29813289663691x.shtml
【合租】贝森 蓝光COCO蜜城 6室主卧,蓝光COCO蜜城,1000,http://cd.58.com/pinpaigongyu/29913397528777x.shtml
【合租】营门口 为民新居 3室主卧,为民新居,1030,http://cd.58.com/pinpaigongyu/29716741827245x.shtml
【合租】东升镇 美城悦荣府 4室主卧,美城悦荣府,1000,http://cd.58.com/pinpaigongyu/30099887550779x.shtml
【合租】东升镇 美城悦荣府 4室次卧,美城悦荣府,1000,http://cd.58.com/pinpaigongyu/29979047675212x.shtml
【整租】世纪城 仁美大源印象 1室1厅,仁美大源印象,1500,http://cd.58.com/pinpaigongyu/29889678331064x.shtml
【整租】冠寓 犀浦 龙湖时代天街,犀浦,1200-1500,http://cd.58.com/pinpaigongyu/29163499829048x.shtml
【合租】南苑 天府世家 5室次卧,天府世家,1100,http://cd.58.com/pinpaigongyu/29803741413557x.shtml
【合租】天府长城 长城南苑 3室主卧,长城南苑,1500,http://cd.58.com/pinpaigongyu/30113412162988x.shtml
【合租】东升镇 美城悦荣府 4室次卧,美城悦荣府,1000,http://cd.58.com/pinpaigongyu/30133872958798x.shtml
【整租】优家公寓 大源村 YOU+大源,大源村,1346-1600,http://cd.58.com/pinpaigongyu/30058845082949x.shtml
【合租】外光华 中铁瑞景颐城 4室主卧,中铁瑞景颐城,1050,http://cd.58.com/pinpaigongyu/29813779006517x.shtml
【合租】沙湾 为民新居 3室主卧,为民新居,1090,http://cd.58.com/pinpaigongyu/29846299865420x.shtml
【合租】金融城 人居·天府欣苑 5室次卧,人居·天府欣苑,1300,http://cd.58.com/pinpaigongyu/29779754912957x.shtml
【合租】营门口 为民新居 3室次卧,为民新居,1090,http://cd.58.com/pinpaigongyu/29606986306474x.shtml
【整租】世纪城 仁美大源印象 1室1厅,仁美大源印象,1500,http://cd.58.com/pinpaigongyu/29889698323024x.shtml
【合租】东升镇 美城悦荣府 4室主卧,美城悦荣府,1000,http://cd.58.com/pinpaigongyu/29978836142010x.shtml
【合租】沙河堡 塔子山壹号 5室主卧,塔子山壹号,1200,http://cd.58.com/pinpaigongyu/29791314503724x.shtml
【整租】世纪城 仁美大源印象 1室1厅,仁美大源印象,1500,http://cd.58.com/pinpaigongyu/29878603600330x.shtml
【合租】营门口 为民新居 3室主卧,为民新居,1050,http://cd.58.com/pinpaigongyu/29881187609015x.shtml
【合租】外光华 中铁瑞景颐城 4室主卧,中铁瑞景颐城,1000,http://cd.58.com/pinpaigongyu/29703085493839x.shtml
【整租】欢乐谷 华侨城·天鹅堡 1室0厅,华侨城·天鹅堡,1400,http://cd.58.com/pinpaigongyu/29648945780542x.shtml
【合租】金融城 天府世家 5室次卧,天府世家,1100,http://cd.58.com/pinpaigongyu/29779727513017x.shtml
【合租】外光华 中铁瑞景颐城 4室主卧,中铁瑞景颐城,1050,http://cd.58.com/pinpaigongyu/29890616946484x.shtml
【整租】外光华 元益花园 1室0厅,元益花园,1500,http://cd.58.com/pinpaigongyu/29626413443653x.shtml
【合租】东升镇 美城悦荣府 4室主卧,美城悦荣府,1000,http://cd.58.com/pinpaigongyu/30111739283024x.shtml
【整租】冠寓 犀浦 龙湖时代天街,犀浦,1200-1500,http://cd.58.com/pinpaigongyu/29163499829048x.shtml
【合租】莲桂路 帕丽湾 4室主卧,帕丽湾,1000,http://cd.58.com/pinpaigongyu/29660758446141x.shtml
【合租】华阳 慕和南道 4室主卧,慕和南道,1000,http://cd.58.com/pinpaigongyu/29835157439293x.shtml
【合租】双桥子 信和·御龙山 4室主卧,信和·御龙山,1100,http://cd.58.com/pinpaigongyu/29926272500015x.shtml
【整租】优家公寓 大源村 YOU+大源,大源村,1346-1600,http://cd.58.com/pinpaigongyu/30058845082949x.shtml
【合租】营门口 为民新居 3室主卧,为民新居,1030,http://cd.58.com/pinpaigongyu/30124556078397x.shtml
【整租】世纪城 仁美大源印象 1室1厅,仁美大源印象,1500,http://cd.58.com/pinpaigongyu/29933896041413x.shtml
【整租】世纪城 仁美大源印象 1室1厅,仁美大源印象,1500,http://cd.58.com/pinpaigongyu/29878586083913x.shtml
【合租】理想中心 时代晶科名苑 4室次卧,时代晶科名苑,1500,http://cd.58.com/pinpaigongyu/29924353191621x.shtml
【整租】航空港 新和领航 1室1厅,新和领航,1500,http://cd.58.com/pinpaigongyu/30003060901450x.shtml
【合租】外光华 中铁瑞景颐城 4室主卧,中铁瑞景颐城,1000,http://cd.58.com/pinpaigongyu/30012063987398x.shtml
【合租】理想中心 南城都汇五期 4室主卧,南城都汇五期,1100,http://cd.58.com/pinpaigongyu/29705582836657x.shtml
【合租】营门口 为民新居 3室主卧,为民新居,1090,http://cd.58.com/pinpaigongyu/29845966321483x.shtml
【合租】营门口 为民新居 3室主卧,为民新居,1030,http://cd.58.com/pinpaigongyu/30033953745085x.shtml
【合租】美年广场 中德英伦城邦 4室主卧,中德英伦城邦,1100,http://cd.58.com/pinpaigongyu/29785496845385x.shtml
【合租】外光华 中铁瑞景颐城 4室主卧,中铁瑞景颐城,1000,http://cd.58.com/pinpaigongyu/30101386026178x.shtml
【合租】理想中心 南城都汇汇雅园 1室次卧,南城都汇汇雅园,1200,http://cd.58.com/pinpaigongyu/29701955839687x.shtml
【合租】营门口 为民新居 3室主卧,为民新居,1090,http://cd.58.com/pinpaigongyu/29979144935116x.shtml
【合租】理想中心 时代晶科名苑 5室次卧,时代晶科名苑,1280,http://cd.58.com/pinpaigongyu/29936200423372x.shtml
【合租】营门口 为民新居 3室主卧,为民新居,1050,http://cd.58.com/pinpaigongyu/29326224253226x.shtml
【整租】冠寓 犀浦 龙湖时代天街,犀浦,1200-1500,http://cd.58.com/pinpaigongyu/29163499829048x.shtml
【整租】航空港 新和领航 1室1厅,新和领航,1500,http://cd.58.com/pinpaigongyu/29946535869629x.shtml
【合租】营门口 为民新居 3室主卧,为民新居,1090,http://cd.58.com/pinpaigongyu/29911964846282x.shtml
【合租】美年广场 中德英伦城邦 4室主卧,中德英伦城邦,1100,http://cd.58.com/pinpaigongyu/29774599064490x.shtml
【整租】优家公寓 大源村 YOU+大源,大源村,1346-1600,http://cd.58.com/pinpaigongyu/30058845082949x.shtml
【合租】蜀汉路 凯丽豪景 3室主卧,凯丽豪景,1150,http://cd.58.com/pinpaigongyu/29705861200196x.shtml
【整租】百草路 保利香槟国际 1室1厅,保利香槟国际,1300,http://cd.58.com/pinpaigongyu/29525995886408x.shtml
【合租】桐梓林 中建桐梓林壹号 5室次卧,中建桐梓林壹号,1200,http://cd.58.com/pinpaigongyu/29536216868304x.shtml
【合租】火车南站 都会路苑 5室次卧,都会路苑,1000,http://cd.58.com/pinpaigongyu/29823783903557x.shtml
【整租】航空港 新和领航 1室1厅,新和领航,1500,http://cd.58.com/pinpaigongyu/29870538437802x.shtml
【合租】东升镇 美城悦荣府 4室主卧,美城悦荣府,1000,http://cd.58.com/pinpaigongyu/30056254107069x.shtml
【合租】沙湾 为民新居 3室主卧,为民新居,1030,http://cd.58.com/pinpaigongyu/29856953659566x.shtml
【合租】金融城 人居·天府欣苑 5室次卧,人居·天府欣苑,1300,http://cd.58.com/pinpaigongyu/29779654417711x.shtml
【合租】大源村 建发·中央鹭洲 4室主卧,建发·中央鹭洲,1200,http://cd.58.com/pinpaigongyu/29758059068997x.shtml
【合租】桐梓林 中建桐梓林壹号 4室主卧,中建桐梓林壹号,1500,http://cd.58.com/pinpaigongyu/29835786518221x.shtml
【合租】理想中心 南城都汇2A期汇 1室主卧,南城都汇2A期汇,1200,http://cd.58.com/pinpaigongyu/29716292988624x.shtml
【合租】东升镇 美城悦荣府 5室主卧,美城悦荣府,1000,http://cd.58.com/pinpaigongyu/29945608349896x.shtml
【合租】营门口 为民新居 3室主卧,为民新居,1030,http://cd.58.com/pinpaigongyu/29956826347457x.shtml
【合租】大源村 建发·中央鹭洲 4室主卧,建发·中央鹭洲,1200,http://cd.58.com/pinpaigongyu/29758068485188x.shtml
【合租】营门口 为民新居 3室主卧,为民新居,1030,http://cd.58.com/pinpaigongyu/29956826347457x.shtml
【整租】冠寓 犀浦 龙湖时代天街,犀浦,1200-1500,http://cd.58.com/pinpaigongyu/29163499829048x.shtml
【合租】营门口 为民新居 3室主卧,为民新居,1030,http://cd.58.com/pinpaigongyu/29547528386639x.shtml
【整租】航空港 新和领航 1室1厅,新和领航,1500,http://cd.58.com/pinpaigongyu/30112922700204x.shtml
【合租】紫荆 城市春天 6室主卧,城市春天,1500,http://cd.58.com/pinpaigongyu/30028838434225x.shtml
【整租】优家公寓 大源村 YOU+大源,大源村,1346-1600,http://cd.58.com/pinpaigongyu/30058845082949x.shtml
【整租】大面镇 世茂城二期 2室1厅,世茂城二期,1500,http://cd.58.com/pinpaigongyu/30023649317196x.shtml
【合租】外光华 中铁瑞景颐城 4室主卧,中铁瑞景颐城,1000,http://cd.58.com/pinpaigongyu/30134099465541x.shtml
【整租】航空港 新和领航 1室1厅,新和领航,1500,http://cd.58.com/pinpaigongyu/29947459980356x.shtml
【合租】外光华 中铁瑞景颐城 4室主卧,中铁瑞景颐城,1050,http://cd.58.com/pinpaigongyu/29672445639604x.shtml
【合租】外光华 中铁瑞景颐城 4室主卧,中铁瑞景颐城,1050,http://cd.58.com/pinpaigongyu/29746563954631x.shtml
【合租】牛市口 信和·御龙山 4室主卧,信和·御龙山,1100,http://cd.58.com/pinpaigongyu/29926352070332x.shtml
【合租】南延线 南城都汇 4室次卧,南城都汇,1000,http://cd.58.com/pinpaigongyu/29670261676603x.shtml
【合租】东升镇 美城悦荣府 4室主卧,美城悦荣府,1000,http://cd.58.com/pinpaigongyu/30099894025643x.shtml
【合租】外光华 中铁瑞景颐城 4室主卧,中铁瑞景颐城,1050,http://cd.58.com/pinpaigongyu/29901585210794x.shtml
【合租】玉林 都市金岸 4室次卧,都市金岸,1100,http://cd.58.com/pinpaigongyu/29771708860212x.shtml
【合租】营门口 为民新居 3室主卧,为民新居,1050,http://cd.58.com/pinpaigongyu/29947229857338x.shtml
【合租】贝森 蓝光COCO蜜城 5室主卧,蓝光COCO蜜城,1000,http://cd.58.com/pinpaigongyu/30114983267626x.shtml
【合租】世纪城 仁美大源印象 4室主卧,仁美大源印象,1050,http://cd.58.com/pinpaigongyu/29691793137997x.shtml
【合租】贝森 蓝光COCO蜜城 5室主卧,蓝光COCO蜜城,1000,http://cd.58.com/pinpaigongyu/30114983267626x.shtml
【整租】冠寓 犀浦 龙湖时代天街,犀浦,1200-1500,http://cd.58.com/pinpaigongyu/29163499829048x.shtml
【合租】玉林 白玉巷3号院 4室次卧,白玉巷3号院,1050,http://cd.58.com/pinpaigongyu/30078760446400x.shtml
【合租】东升镇 美城悦荣府 4室主卧,美城悦荣府,1000,http://cd.58.com/pinpaigongyu/30000415931342x.shtml
【合租】外光华 中铁瑞景颐城 4室主卧,中铁瑞景颐城,1000,http://cd.58.com/pinpaigongyu/29945770933682x.shtml
【整租】优家公寓 大源村 YOU+大源,大源村,1346-1600,http://cd.58.com/pinpaigongyu/30058845082949x.shtml
【合租】外光华 中铁瑞景颐城 4室主卧,中铁瑞景颐城,1000,http://cd.58.com/pinpaigongyu/29956866556602x.shtml
【合租】天府长城 蒂梵尼TOWN 4室主卧,蒂梵尼TOWN,1100,http://cd.58.com/pinpaigongyu/30111121595201x.shtml
【合租】南苑 天府世家 5室次卧,天府世家,1100,http://cd.58.com/pinpaigongyu/29702266917829x.shtml
【合租】紫荆 城市春天 6室主卧,城市春天,1500,http://cd.58.com/pinpaigongyu/30028829416522x.shtml
【整租】杉板桥 东城映象 1室1厅,东城映象,1400,http://cd.58.com/pinpaigongyu/29989986185785x.shtml
【合租】双桥子 信和·御龙山 4室主卧,信和·御龙山,1100,http://cd.58.com/pinpaigongyu/29926242885420x.shtml
【整租】蜀汉路 西城上域 1室0厅,西城上域,1200,http://cd.58.com/pinpaigongyu/30134538699084x.shtml
【整租】航空港 新和领航 1室1厅,新和领航,1450,http://cd.58.com/pinpaigongyu/29890569901888x.shtml
【整租】外光华 元益花园 1室0厅,元益花园,1380,http://cd.58.com/pinpaigongyu/29927177225271x.shtml
【整租】航空港 新和领航 1室1厅,新和领航,1400,http://cd.58.com/pinpaigongyu/29946545875114x.shtml
【整租】世纪城 仁美大源印象 1室1厅,仁美大源印象,1500,http://cd.58.com/pinpaigongyu/29924424973111x.shtml
【整租】世纪城 仁美大源印象 1室1厅,仁美大源印象,1500,http://cd.58.com/pinpaigongyu/29889643714638x.shtml
【合租】金融城 天府世家 4室次卧,天府世家,1100,http://cd.58.com/pinpaigongyu/29803691513263x.shtml
【合租】外光华 中铁瑞景颐城 4室主卧,中铁瑞景颐城,1050,http://cd.58.com/pinpaigongyu/29890601265838x.shtml
【整租】航空港 新和领航 1室1厅,新和领航,1500,http://cd.58.com/pinpaigongyu/29947483503688x.shtml
【整租】冠寓 犀浦 龙湖时代天街,犀浦,1200-1500,http://cd.58.com/pinpaigongyu/29163499829048x.shtml
【合租】营门口 为民新居 3室主卧,为民新居,1050,http://cd.58.com/pinpaigongyu/30122955724101x.shtml
【合租】外光华 中铁瑞景颐城 4室主卧,中铁瑞景颐城,1050,http://cd.58.com/pinpaigongyu/29791008187820x.shtml
【合租】金融城 中海九号公馆 4室主卧,中海九号公馆,1250,http://cd.58.com/pinpaigongyu/30012472619446x.shtml
【整租】优家公寓 大源村 YOU+大源,大源村,1346-1600,http://cd.58.com/pinpaigongyu/30058845082949x.shtml
【合租】外光华 中铁瑞景颐城 4室主卧,中铁瑞景颐城,1000,http://cd.58.com/pinpaigongyu/29945773928506x.shtml
【合租】营门口 为民新居 3室主卧,为民新居,1050,http://cd.58.com/pinpaigongyu/29923595093299x.shtml
【合租】营门口 为民新居 4室主卧,为民新居,1090,http://cd.58.com/pinpaigongyu/29725556818092x.shtml
【合租】东升镇 美城悦荣府 4室主卧,美城悦荣府,1000,http://cd.58.com/pinpaigongyu/29934485414216x.shtml
【合租】营门口 为民新居 3室主卧,为民新居,1030,http://cd.58.com/pinpaigongyu/29834924825163x.shtml
【合租】南延线 朗基天香 4室次卧,朗基天香,1000,http://cd.58.com/pinpaigongyu/30045219828294x.shtml
【合租】跳伞塔 保利中心 5室次卧,保利中心,1200,http://cd.58.com/pinpaigongyu/30078596634566x.shtml
【合租】东升镇 美城悦荣府 4室主卧,美城悦荣府,1000,http://cd.58.com/pinpaigongyu/29956376141247x.shtml
【合租】营门口 为民新居 3室主卧,为民新居,1090,http://cd.58.com/pinpaigongyu/29890668286664x.shtml
【合租】孵化园 天府欣苑 5室次卧,天府欣苑,1000,http://cd.58.com/pinpaigongyu/29779689833023x.shtml
【合租】东升镇 美城悦荣府 4室主卧,美城悦荣府,1000,http://cd.58.com/pinpaigongyu/30000422509378x.shtml
【合租】孵化园 时代晶科名苑 5室次卧,时代晶科名苑,1100,http://cd.58.com/pinpaigongyu/29779671243203x.shtml
【合租】东升镇 美城悦荣府 4室主卧,美城悦荣府,1000,http://cd.58.com/pinpaigongyu/29956380901325x.shtml
【整租】世纪城 仁美大源印象 1室1厅,仁美大源印象,1500,http://cd.58.com/pinpaigongyu/29878554133072x.shtml
【整租】世纪城 仁美大源印象 1室1厅,仁美大源印象,1500,http://cd.58.com/pinpaigongyu/29878554133072x.shtml
【整租】冠寓 犀浦 龙湖时代天街,犀浦,1200-1500,http://cd.58.com/pinpaigongyu/29163499829048x.shtml
【合租】金融城 南城都汇2A期 6室主卧,南城都汇2A期,1200,http://cd.58.com/pinpaigongyu/29716243139763x.shtml
【合租】外光华 中铁瑞景颐城 4室主卧,中铁瑞景颐城,1050,http://cd.58.com/pinpaigongyu/29714201595180x.shtml
【整租】航空港 新和领航 1室1厅,新和领航,1500,http://cd.58.com/pinpaigongyu/29947410460222x.shtml
【整租】优家公寓 大源村 YOU+大源,大源村,1346-1600,http://cd.58.com/pinpaigongyu/30058845082949x.shtml
【合租】营门口 为民新居 3室主卧,为民新居,1090,http://cd.58.com/pinpaigongyu/29881777778617x.shtml
【合租】东升镇 美城悦荣府 4室主卧,美城悦荣府,1000,http://cd.58.com/pinpaigongyu/30011476954301x.shtml
【合租】营门口 为民新居 3室主卧,为民新居,1050,http://cd.58.com/pinpaigongyu/29607004534956x.shtml
【合租】金融城 时代晶科名苑 5室次卧,时代晶科名苑,1100,http://cd.58.com/pinpaigongyu/29779674428234x.shtml
【整租】外光华 元益花园 1室0厅,元益花园,1300,http://cd.58.com/pinpaigongyu/30113787164620x.shtml
【合租】营门口 为民新居 3室主卧,为民新居,1090,http://cd.58.com/pinpaigongyu/29869996598217x.shtml
【合租】理想中心 时代晶科名苑 4室主卧,时代晶科名苑,1450,http://cd.58.com/pinpaigongyu/29945897134416x.shtml
【合租】外光华 中铁瑞景颐城 4室主卧,中铁瑞景颐城,1000,http://cd.58.com/pinpaigongyu/29945733702841x.shtml
【合租】外光华 中铁瑞景颐城 4室主卧,中铁瑞景颐城,1050,http://cd.58.com/pinpaigongyu/29746554504894x.shtml
【合租】华阳 慕和南道 4室主卧,慕和南道,1000,http://cd.58.com/pinpaigongyu/30045402507839x.shtml
【合租】跳伞塔 保利中心 5室主卧,保利中心,1300,http://cd.58.com/pinpaigongyu/30078551198771x.shtml
【合租】理想中心 时代晶科名苑 4室主卧,时代晶科名苑,1450,http://cd.58.com/pinpaigongyu/29945910998991x.shtml
【合租】金融城 天府世家 5室次卧,天府世家,1100,http://cd.58.com/pinpaigongyu/29803742939051x.shtml
【合租】神仙树 国防家苑 5室主卧,国防家苑,1200,http://cd.58.com/pinpaigongyu/29918234392747x.shtml
【合租】理想中心 时代晶科名苑 5室次卧,时代晶科名苑,1280,http://cd.58.com/pinpaigongyu/29803689610052x.shtml
【整租】冠寓 犀浦 龙湖时代天街,犀浦,1200-1500,http://cd.58.com/pinpaigongyu/29163499829048x.shtml
【合租】跳伞塔 保利中心 5室次卧,保利中心,1000,http://cd.58.com/pinpaigongyu/29571288573356x.shtml
【整租】百草路 保利香槟国际 1室1厅,保利香槟国际,1300,http://cd.58.com/pinpaigongyu/29525993308999x.shtml
【合租】世纪城 保利心语3期 4室主卧,保利心语3期,1150,http://cd.58.com/pinpaigongyu/30089960218558x.shtml
【整租】优家公寓 大源村 YOU+大源,大源村,1346-1600,http://cd.58.com/pinpaigongyu/30058845082949x.shtml
【合租】沙湾 为民新居 3室主卧,为民新居,1050,http://cd.58.com/pinpaigongyu/29791670603980x.shtml
【合租】营门口 为民新居 3室主卧,为民新居,1030,http://cd.58.com/pinpaigongyu/29834931749297x.shtml
【合租】神仙树 玲珑南域 1室次卧,玲珑南域,1100,http://cd.58.com/pinpaigongyu/30024713648845x.shtml
【整租】交大路 锦西人家 1室1厅,锦西人家,1500,http://cd.58.com/pinpaigongyu/30144809289395x.shtml
【整租】欢乐谷 华侨城·天鹅堡 1室0厅,华侨城·天鹅堡,1400,http://cd.58.com/pinpaigongyu/29672940851372x.shtml
【合租】跳伞塔 保利中心 5室次卧,保利中心,1200,http://cd.58.com/pinpaigongyu/30078801106364x.shtml
【合租】营门口 为民新居 3室主卧,为民新居,1030,http://cd.58.com/pinpaigongyu/29870003193270x.shtml
【合租】东升镇 美城悦荣府 4室主卧,美城悦荣府,1000,http://cd.58.com/pinpaigongyu/30056190705861x.shtml
【合租】东升镇 美城悦荣府 4室主卧,美城悦荣府,1000,http://cd.58.com/pinpaigongyu/30100044857514x.shtml
【合租】火车南站 都会路苑 4室主卧,都会路苑,1100,http://cd.58.com/pinpaigongyu/29856801549767x.shtml
【合租】金融城 天府世家 5室次卧,天府世家,1100,http://cd.58.com/pinpaigongyu/29803696135729x.shtml
【合租】东升镇 美城悦荣府 4室主卧,美城悦荣府,1000,http://cd.58.com/pinpaigongyu/29956615438778x.shtml
【合租】金融城 中海九号公馆 5室次卧,中海九号公馆,1100,http://cd.58.com/pinpaigongyu/29779707436870x.shtml
【整租】世纪城 仁美大源印象 1室1厅,仁美大源印象,1500,http://cd.58.com/pinpaigongyu/29878547556161x.shtml
【整租】世纪城 仁美大源印象 1室1厅,仁美大源印象,1500,http://cd.58.com/pinpaigongyu/29878547556161x.shtml
【整租】冠寓 犀浦 龙湖时代天街,犀浦,1200-1500,http://cd.58.com/pinpaigongyu/29163499829048x.shtml
【合租】跳伞塔 保利中心 5室次卧,保利中心,1150,http://cd.58.com/pinpaigongyu/30078805399100x.shtml
【整租】航空港 新和领航 1室1厅,新和领航,1500,http://cd.58.com/pinpaigongyu/30078855577899x.shtml
【合租】外光华 中铁瑞景颐城 4室主卧,中铁瑞景颐城,1000,http://cd.58.com/pinpaigongyu/30045302877612x.shtml
【整租】优家公寓 大源村 YOU+大源,大源村,1346-1600,http://cd.58.com/pinpaigongyu/30058845082949x.shtml
【合租】紫荆 城市春天 6室次卧,城市春天,1050,http://cd.58.com/pinpaigongyu/30029040916393x.shtml
【合租】跳伞塔 保利中心 5室次卧,保利中心,1050,http://cd.58.com/pinpaigongyu/30078644062010x.shtml
【合租】东升镇 美城悦荣府 4室主卧,美城悦荣府,1000,http://cd.58.com/pinpaigongyu/30000398710216x.shtml
【合租】沙湾 为民新居 3室主卧,为民新居,1090,http://cd.58.com/pinpaigongyu/29791681180106x.shtml
【合租】跳伞塔 保利中心 5室次卧,保利中心,1250,http://cd.58.com/pinpaigongyu/30078616592682x.shtml
【合租】东升镇 美城悦荣府 4室主卧,美城悦荣府,1000,http://cd.58.com/pinpaigongyu/30111757286858x.shtml
【合租】金融城 时代晶科名苑 5室次卧,时代晶科名苑,1050,http://cd.58.com/pinpaigongyu/30123019612726x.shtml
【合租】芳草 三九雅园 4室次卧,三九雅园,1000,http://cd.58.com/pinpaigongyu/30078604528330x.shtml
【整租】芳草 三九雅园 5室1厅,三九雅园,1050,http://cd.58.com/pinpaigongyu/30078623377865x.shtml
【合租】外光华 中铁瑞景颐城 4室主卧,中铁瑞景颐城,1050,http://cd.58.com/pinpaigongyu/29791001455807x.shtml
【合租】营门口 为民新居 3室主卧,为民新居,1050,http://cd.58.com/pinpaigongyu/28961203270468x.shtml
【合租】南延线 汇翠园南城都汇 4室主卧,汇翠园南城都汇,1280,http://cd.58.com/pinpaigongyu/29813264585897x.shtml
【整租】国宾 金牛花园 1室0厅,金牛花园,1300,http://cd.58.com/pinpaigongyu/30003343196337x.shtml
【合租】金沙 金沙鹭岛二期 6室次卧,金沙鹭岛二期,1000,http://cd.58.com/pinpaigongyu/30089381111876x.shtml
【整租】冠寓 犀浦 龙湖时代天街,犀浦,1200-1500,http://cd.58.com/pinpaigongyu/29163499829048x.shtml
【合租】外光华 中铁瑞景颐城 4室主卧,中铁瑞景颐城,1000,http://cd.58.com/pinpaigongyu/29956895481542x.shtml
【合租】神仙树 i都会 4室主卧,i都会,1100,http://cd.58.com/pinpaigongyu/29705091471301x.shtml
【合租】东升镇 美城悦荣府 5室主卧,美城悦荣府,1000,http://cd.58.com/pinpaigongyu/29934787509428x.shtml
【整租】优家公寓 大源村 YOU+大源,大源村,1346-1600,http://cd.58.com/pinpaigongyu/30058845082949x.shtml
【整租】世纪城 仁美大源印象 1室1厅,仁美大源印象,1500,http://cd.58.com/pinpaigongyu/29878591296567x.shtml
【合租】万年场 观城 6室主卧,观城,1500,http://cd.58.com/pinpaigongyu/29971868787910x.shtml
【整租】蜀汉路 西城上域 1室0厅,西城上域,1200,http://cd.58.com/pinpaigongyu/29959549159101x.shtml
【合租】营门口 为民新居 3室主卧,为民新居,1050,http://cd.58.com/pinpaigongyu/29615041346985x.shtml
【合租】外光华 中铁瑞景颐城 4室主卧,中铁瑞景颐城,1050,http://cd.58.com/pinpaigongyu/29802449628725x.shtml
【合租】九眼桥 望江橡树林二期 6室次卧,望江橡树林二期,1000,http://cd.58.com/pinpaigongyu/29705433203007x.shtml
【合租】营门口 为民新居 3室主卧,为民新居,1050,http://cd.58.com/pinpaigongyu/30123002027198x.shtml
【合租】东升镇 美城悦荣府 4室主卧,美城悦荣府,1000,http://cd.58.com/pinpaigongyu/30133805820351x.shtml
【整租】航空港 新和领航 1室1厅,新和领航,1500,http://cd.58.com/pinpaigongyu/29981283810874x.shtml
【合租】金融城 天府欣苑 5室次卧,天府欣苑,1000,http://cd.58.com/pinpaigongyu/29779684243516x.shtml
【合租】神仙树 桐梓林壹号 3室次卧,桐梓林壹号,1400,http://cd.58.com/pinpaigongyu/29705028916795x.shtml
【合租】东升镇 美城悦荣府 4室主卧,美城悦荣府,1000,http://cd.58.com/pinpaigongyu/29956628888630x.shtml
【整租】航空港 新和领航 1室1厅,新和领航,1500,http://cd.58.com/pinpaigongyu/29890623457730x.shtml
【合租】川音 佳顺苑 5室主卧,佳顺苑,1300,http://cd.58.com/pinpaigongyu/30026237136071x.shtml
【整租】冠寓 犀浦 龙湖时代天街,犀浦,1200-1500,http://cd.58.com/pinpaigongyu/29163499829048x.shtml
【整租】航空港 新和领航 1室1厅,新和领航,1500,http://cd.58.com/pinpaigongyu/29806528546733x.shtml
【合租】外光华 中铁瑞景颐城 4室主卧,中铁瑞景颐城,1050,http://cd.58.com/pinpaigongyu/29735505669453x.shtml
【整租】优家公寓 大源村 YOU+大源,大源村,1346-1600,http://cd.58.com/pinpaigongyu/30058845082949x.shtml
【合租】营门口 为民新居 3室主卧,为民新居,1090,http://cd.58.com/pinpaigongyu/29856938274475x.shtml
【合租】营门口 为民新居 3室主卧,为民新居,1090,http://cd.58.com/pinpaigongyu/29824272106568x.shtml
【整租】百草路 保利香槟国际 1室1厅,保利香槟国际,1300,http://cd.58.com/pinpaigongyu/29525997135415x.shtml
【整租】世纪城 仁美大源印象 1室1厅,仁美大源印象,1500,http://cd.58.com/pinpaigongyu/29889693601087x.shtml
【合租】川音 南岸一家 5室次卧,南岸一家,1000,http://cd.58.com/pinpaigongyu/29705446081225x.shtml
【合租】东升镇 美城悦荣府 4室主卧,美城悦荣府,1000,http://cd.58.com/pinpaigongyu/30011434513984x.shtml
【合租】理想中心 时代晶科名苑 5室次卧,时代晶科名苑,1050,http://cd.58.com/pinpaigongyu/30111619075252x.shtml
【合租】外光华 中铁瑞景颐城 4室主卧,中铁瑞景颐城,1000,http://cd.58.com/pinpaigongyu/30023030678570x.shtml
【合租】金融城 汇翠园南城都汇 5室次卧,汇翠园南城都汇,1000,http://cd.58.com/pinpaigongyu/29857890096464x.shtml
【合租】外光华 中铁瑞景颐城 4室主卧,中铁瑞景颐城,1050,http://cd.58.com/pinpaigongyu/29868374469322x.shtml
【合租】大源村 人居·天府欣苑 5室主卧,人居·天府欣苑,1350,http://cd.58.com/pinpaigongyu/29779657864909x.shtml
【整租】蜀汉路 西城上域 1室0厅,西城上域,1180,http://cd.58.com/pinpaigongyu/30069874163786x.shtml
【合租】桐梓林 中建桐梓林壹号 5室次卧,中建桐梓林壹号,1200,http://cd.58.com/pinpaigongyu/29536312693706x.shtml
【合租】东升镇 美城悦荣府 4室主卧,美城悦荣府,1000,http://cd.58.com/pinpaigongyu/29989795996612x.shtml
【合租】东升镇 美城悦荣府 4室主卧,美城悦荣府,1000,http://cd.58.com/pinpaigongyu/29989795996612x.shtml
【整租】冠寓 犀浦 龙湖时代天街,犀浦,1200-1500,http://cd.58.com/pinpaigongyu/29163499829048x.shtml
【合租】万年场 华润二十四城四期 6室主卧,华润二十四城四期,1000,http://cd.58.com/pinpaigongyu/29805325761852x.shtml
【合租】人民公园 旭和倾城二期 3室主卧,旭和倾城二期,1100,http://cd.58.com/pinpaigongyu/29978989209032x.shtml
【合租】东升镇 美城悦荣府 4室主卧,美城悦荣府,1000,http://cd.58.com/pinpaigongyu/30066910412993x.shtml
【整租】优家公寓 大源村 YOU+大源,大源村,1346-1600,http://cd.58.com/pinpaigongyu/30058845082949x.shtml
【整租】航空港 新和领航 1室1厅,新和领航,1450,http://cd.58.com/pinpaigongyu/30112976239424x.shtml
【合租】外光华 中铁瑞景颐城 4室主卧,中铁瑞景颐城,1050,http://cd.58.com/pinpaigongyu/29813755071791x.shtml
【合租】华阳 慕和南道 4室主卧,慕和南道,1000,http://cd.58.com/pinpaigongyu/29934319336244x.shtml
【合租】东升镇 美城悦荣府 4室次卧,美城悦荣府,1000,http://cd.58.com/pinpaigongyu/29979057354692x.shtml
【合租】营门口 为民新居 3室主卧,为民新居,1090,http://cd.58.com/pinpaigongyu/29925138227274x.shtml
【整租】航空港 新和领航 1室1厅,新和领航,1500,http://cd.58.com/pinpaigongyu/29868126639296x.shtml
【整租】一品天下 水岸汇景 1室0厅,水岸汇景,1400,http://cd.58.com/pinpaigongyu/30014854859202x.shtml
【合租】理想中心 汇翠园南城都汇 4室次卧,汇翠园南城都汇,1000,http://cd.58.com/pinpaigongyu/29835297334057x.shtml
【合租】东升镇 美城悦荣府 4室主卧,美城悦荣府,1000,http://cd.58.com/pinpaigongyu/29934509233344x.shtml
【合租】芳草 牡丹御园 1室主卧,牡丹御园,1310,http://cd.58.com/pinpaigongyu/30001363203397x.shtml
【合租】东升镇 美城悦荣府 5室主卧,美城悦荣府,1000,http://cd.58.com/pinpaigongyu/29945618305338x.shtml
【合租】外光华 中铁瑞景颐城 4室主卧,中铁瑞景颐城,1050,http://cd.58.com/pinpaigongyu/29724632104137x.shtml
【整租】百草路 保利香槟国际 1室1厅,保利香槟国际,1300,http://cd.58.com/pinpaigongyu/29525992116151x.shtml
【整租】航空港 新和领航 1室1厅,新和领航,1450,http://cd.58.com/pinpaigongyu/29879765851434x.shtml
【整租】航空港 新和领航 1室1厅,新和领航,1450,http://cd.58.com/pinpaigongyu/29879765851434x.shtml
【整租】冠寓 犀浦 龙湖时代天街,犀浦,1200-1500,http://cd.58.com/pinpaigongyu/29163499829048x.shtml
【合租】火车南站 中建桐梓林壹号 5室次卧,中建桐梓林壹号,1200,http://cd.58.com/pinpaigongyu/29481638236480x.shtml
【合租】沙湾 为民新居 3室主卧,为民新居,1050,http://cd.58.com/pinpaigongyu/29780091092279x.shtml
【合租】东升镇 美城悦荣府 4室主卧,美城悦荣府,1020,http://cd.58.com/pinpaigongyu/30079768871354x.shtml
【整租】优家公寓 大源村 YOU+大源,大源村,1346-1600,http://cd.58.com/pinpaigongyu/30058845082949x.shtml
【整租】百草路 保利香槟国际 1室1厅,保利香槟国际,1300,http://cd.58.com/pinpaigongyu/29814878841671x.shtml
【整租】世纪城 仁美大源印象 1室1厅,仁美大源印象,1500,http://cd.58.com/pinpaigongyu/29856506069301x.shtml
【合租】外光华 中铁瑞景颐城 4室主卧,中铁瑞景颐城,1050,http://cd.58.com/pinpaigongyu/29858019377872x.shtml
【合租】营门口 为民新居 3室主卧,为民新居,1030,http://cd.58.com/pinpaigongyu/29934866699057x.shtml
【合租】芳草 三九雅园 4室主卧,三九雅园,1000,http://cd.58.com/pinpaigongyu/29803679987919x.shtml
【合租】金牛万达 金牛万达广场b组 4室主卧,金牛万达广场b组,1268,http://cd.58.com/pinpaigongyu/30022987371962x.shtml
【合租】南延线 汇翠园南城都汇 4室次卧,汇翠园南城都汇,1000,http://cd.58.com/pinpaigongyu/29813236407998x.shtml
【合租】东升镇 美城悦荣府 4室主卧,美城悦荣府,1000,http://cd.58.com/pinpaigongyu/29934479115951x.shtml
【合租】南苑 天府世家 5室次卧,天府世家,1100,http://cd.58.com/pinpaigongyu/29702224548031x.shtml
【合租】外光华 中铁瑞景颐城 4室主卧,中铁瑞景颐城,1000,http://cd.58.com/pinpaigongyu/29989964846416x.shtml
【整租】世纪城 仁美大源印象 1室1厅,仁美大源印象,1500,http://cd.58.com/pinpaigongyu/29911777375927x.shtml
【合租】营门口 为民新居 3室主卧,为民新居,1090,http://cd.58.com/pinpaigongyu/29606604179758x.shtml
【合租】理想中心 时代晶科名苑 5室主卧,时代晶科名苑,1450,http://cd.58.com/pinpaigongyu/29945929192648x.shtml
【合租】华阳 慕和南道 4室主卧,慕和南道,1000,http://cd.58.com/pinpaigongyu/30045430706128x.shtml
【整租】冠寓 犀浦 龙湖时代天街,犀浦,1200-1500,http://cd.58.com/pinpaigongyu/29163499829048x.shtml
【合租】孵化园 天府世家 5室次卧,天府世家,1100,http://cd.58.com/pinpaigongyu/29803754139845x.shtml
【合租】营门口 为民新居 3室主卧,为民新居,1030,http://cd.58.com/pinpaigongyu/29934857248558x.shtml
【整租】外光华 元益花园 1室0厅,元益花园,1380,http://cd.58.com/pinpaigongyu/29981791900230x.shtml
【整租】优家公寓 大源村 YOU+大源,大源村,1346-1600,http://cd.58.com/pinpaigongyu/30058845082949x.shtml
【合租】金融城 天府欣苑 5室主卧,天府欣苑,1350,http://cd.58.com/pinpaigongyu/29779634463815x.shtml
【合租】营门口 为民新居 3室主卧,为民新居,1030,http://cd.58.com/pinpaigongyu/30033965224620x.shtml
【合租】外光华 中铁瑞景颐城 4室主卧,中铁瑞景颐城,1050,http://cd.58.com/pinpaigongyu/29835474457516x.shtml
【合租】贝森 蓝光COCO蜜城 6室主卧,蓝光COCO蜜城,1000,http://cd.58.com/pinpaigongyu/30025290421184x.shtml
【合租】理想中心 汇翠园南城都汇 4室次卧,汇翠园南城都汇,1000,http://cd.58.com/pinpaigongyu/29815038275118x.shtml
【整租】一品天下 水岸汇景 1室0厅,水岸汇景,1400,http://cd.58.com/pinpaigongyu/30001697925315x.shtml
【合租】蜀汉路 德意馨苑 4室主卧,德意馨苑,1100,http://cd.58.com/pinpaigongyu/29620422179661x.shtml
【合租】三圣乡 卓锦城·2期 3室主卧,卓锦城·2期,1055,http://cd.58.com/pinpaigongyu/29648027421004x.shtml
【合租】天府长城 蒂梵尼TOWN 4室主卧,蒂梵尼TOWN,1100,http://cd.58.com/pinpaigongyu/30111109499083x.shtml
【整租】世纪城 仁美大源印象 1室1厅,仁美大源印象,1500,http://cd.58.com/pinpaigongyu/29856554344400x.shtml
【合租】金融城 天府欣苑 5室次卧,天府欣苑,1300,http://cd.58.com/pinpaigongyu/29803676422571x.shtml
【合租】外光华 中铁瑞景颐城 4室主卧,中铁瑞景颐城,1050,http://cd.58.com/pinpaigongyu/29802496606515x.shtml
【合租】东升镇 美城悦荣府 4室主卧,美城悦荣府,1000,http://cd.58.com/pinpaigongyu/30000404666161x.shtml
【合租】东升镇 美城悦荣府 4室主卧,美城悦荣府,1000,http://cd.58.com/pinpaigongyu/30066834479153x.shtml
【整租】冠寓 犀浦 龙湖时代天街,犀浦,1200-1500,http://cd.58.com/pinpaigongyu/29163499829048x.shtml
【整租】航空港 新和领航 1室1厅,新和领航,1500,http://cd.58.com/pinpaigongyu/29816075015110x.shtml
【合租】南延线 时代·晶科名苑 5室次卧,时代·晶科名苑,1050,http://cd.58.com/pinpaigongyu/30045188155339x.shtml
【合租】理想中心 南城都汇二期汇雅 1室次卧,南城都汇二期汇雅,1200,http://cd.58.com/pinpaigongyu/29669550158633x.shtml
【整租】优家公寓 大源村 YOU+大源,大源村,1346-1600,http://cd.58.com/pinpaigongyu/30058845082949x.shtml
【合租】东升镇 美城悦荣府 5室主卧,美城悦荣府,1000,http://cd.58.com/pinpaigongyu/29934792599601x.shtml
【合租】营门口 为民新居 3室主卧,为民新居,1030,http://cd.58.com/pinpaigongyu/29881060720943x.shtml
【合租】金融城 人居·天府欣苑 5室主卧,人居·天府欣苑,1350,http://cd.58.com/pinpaigongyu/29912914940988x.shtml
【合租】天府长城 蓝光·凯丽香江 4室主卧,蓝光·凯丽香江,1265,http://cd.58.com/pinpaigongyu/30078614015312x.shtml
【合租】大源村 保利心语上府 3室主卧,保利心语上府,1280,http://cd.58.com/pinpaigongyu/29890244184013x.shtml
【合租】外光华 中铁瑞景颐城 4室主卧,中铁瑞景颐城,1050,http://cd.58.com/pinpaigongyu/29901563421882x.shtml
【合租】营门口 为民新居 3室主卧,为民新居,1090,http://cd.58.com/pinpaigongyu/29881562024248x.shtml
【合租】东升镇 美城悦荣府 4室主卧,美城悦荣府,1000,http://cd.58.com/pinpaigongyu/29989712360385x.shtml
【整租】百草路 保利·新天地 1室1厅,保利·新天地,1300,http://cd.58.com/pinpaigongyu/29901605361616x.shtml
【合租】东升镇 美城悦荣府 4室主卧,美城悦荣府,1000,http://cd.58.com/pinpaigongyu/29945348597188x.shtml
【合租】营门口 为民新居 3室主卧,为民新居,1050,http://cd.58.com/pinpaigongyu/30033945371436x.shtml
【合租】东升镇 美城悦荣府 5室主卧,美城悦荣府,1000,http://cd.58.com/pinpaigongyu/29945602831802x.shtml
【合租】外光华 保利香槟光华 5室主卧,保利香槟光华,1000,http://cd.58.com/pinpaigongyu/30089329428800x.shtml
【合租】华阳 慕和南道 4室次卧,慕和南道,1000,http://cd.58.com/pinpaigongyu/30000655681450x.shtml
【合租】华阳 慕和南道 4室次卧,慕和南道,1000,http://cd.58.com/pinpaigongyu/30000655681450x.shtml
【整租】冠寓 犀浦 龙湖时代天街,犀浦,1200-1500,http://cd.58.com/pinpaigongyu/29163499829048x.shtml
【整租】一品天下 水岸汇景 1室0厅,水岸汇景,1400,http://cd.58.com/pinpaigongyu/30136919399248x.shtml
【合租】外光华 中铁瑞景颐城 4室主卧,中铁瑞景颐城,1050,http://cd.58.com/pinpaigongyu/29791025343922x.shtml
【合租】东升镇 美城悦荣府 4室主卧,美城悦荣府,1000,http://cd.58.com/pinpaigongyu/30089835907498x.shtml
【整租】优家公寓 大源村 YOU+大源,大源村,1346-1600,http://cd.58.com/pinpaigongyu/30058845082949x.shtml
【合租】孵化园 天府欣苑 5室次卧,天府欣苑,1000,http://cd.58.com/pinpaigongyu/29702214388154x.shtml
【合租】玉林 玉通巷5号院 4室次卧,玉通巷5号院,1000,http://cd.58.com/pinpaigongyu/29780156140098x.shtml
【合租】东升镇 美城悦荣府 4室次卧,美城悦荣府,1000,http://cd.58.com/pinpaigongyu/30133843261110x.shtml
【合租】外光华 中铁瑞景颐城 4室主卧,中铁瑞景颐城,1050,http://cd.58.com/pinpaigongyu/29724601519919x.shtml
【合租】沙河堡 塔子山壹号 5室主卧,塔子山壹号,1200,http://cd.58.com/pinpaigongyu/29691872468396x.shtml
【整租】交大路 锦西人家 1室1厅,锦西人家,1500,http://cd.58.com/pinpaigongyu/29702407729737x.shtml
【合租】营门口 为民新居 3室主卧,为民新居,1050,http://cd.58.com/pinpaigongyu/29956490192950x.shtml
【合租】外光华 中铁瑞景颐城 4室主卧,中铁瑞景颐城,1000,http://cd.58.com/pinpaigongyu/29945743138737x.shtml
【合租】外光华 中铁瑞景颐城 4室次卧,中铁瑞景颐城,1000,http://cd.58.com/pinpaigongyu/29670097071416x.shtml
【合租】外光华 中铁瑞景颐城 4室主卧,中铁瑞景颐城,1000,http://cd.58.com/pinpaigongyu/30122900044102x.shtml
【合租】天府长城 两江国际 4室主卧,两江国际,1215,http://cd.58.com/pinpaigongyu/29708131435334x.shtml
【整租】航空港 新和领航 1室1厅,新和领航,1500,http://cd.58.com/pinpaigongyu/29947468621118x.shtml
【合租】神仙树 桐梓林壹号 1室次卧,桐梓林壹号,1100,http://cd.58.com/pinpaigongyu/29670578400180x.shtml
【合租】营门口 为民新居 3室主卧,为民新居,1050,http://cd.58.com/pinpaigongyu/29606383161797x.shtml
【合租】九眼桥 澳龙名城 5室主卧,澳龙名城,1000,http://cd.58.com/pinpaigongyu/29671989533752x.shtml
【整租】冠寓 犀浦 龙湖时代天街,犀浦,1200-1500,http://cd.58.com/pinpaigongyu/29163499829048x.shtml
【合租】火车南站 中建桐梓林壹号 4室主卧,中建桐梓林壹号,1500,http://cd.58.com/pinpaigongyu/29835766772536x.shtml
【合租】营门口 为民新居 3室主卧,为民新居,1090,http://cd.58.com/pinpaigongyu/29856946393806x.shtml
【合租】孵化园 天府欣苑 5室次卧,天府欣苑,1080,http://cd.58.com/pinpaigongyu/30045062786751x.shtml
【整租】优家公寓 大源村 YOU+大源,大源村,1346-1600,http://cd.58.com/pinpaigongyu/30058845082949x.shtml
【整租】百草路 保利香槟国际 1室1厅,保利香槟国际,1300,http://cd.58.com/pinpaigongyu/29526002173755x.shtml
【合租】东升镇 美城悦荣府 4室主卧,美城悦荣府,1000,http://cd.58.com/pinpaigongyu/30066817811146x.shtml
【合租】营门口 为民新居 3室主卧,为民新居,1090,http://cd.58.com/pinpaigongyu/29857159571497x.shtml
【整租】一品天下 水岸汇景 1室0厅,水岸汇景,1400,http://cd.58.com/pinpaigongyu/30071162197057x.shtml
【合租】营门口 为民新居 3室主卧,为民新居,1090,http://cd.58.com/pinpaigongyu/29615044066255x.shtml
【合租】理想中心 时代晶科名苑 5室次卧,时代晶科名苑,1100,http://cd.58.com/pinpaigongyu/29779668874796x.shtml
【整租】百草路 保利香槟国际 1室1厅,保利香槟国际,1300,http://cd.58.com/pinpaigongyu/29814897986365x.shtml
【合租】外光华 中铁瑞景颐城 4室主卧,中铁瑞景颐城,1050,http://cd.58.com/pinpaigongyu/29901584885560x.shtml
【合租】外光华 保利香槟光华 5室主卧,保利香槟光华,1000,http://cd.58.com/pinpaigongyu/30079219986624x.shtml
【合租】川大 四川大学南园村小 4室主卧,四川大学南园村小,1000,http://cd.58.com/pinpaigongyu/29945399122637x.shtml
【合租】外光华 中铁瑞景颐城 4室主卧,中铁瑞景颐城,1050,http://cd.58.com/pinpaigongyu/29757661554500x.shtml
【整租】世纪城 仁美大源印象 1室1厅,仁美大源印象,1500,http://cd.58.com/pinpaigongyu/29878524710712x.shtml
【合租】东升镇 美城悦荣府 4室主卧,美城悦荣府,1000,http://cd.58.com/pinpaigongyu/29945360489012x.shtml
【合租】大源村 人居·天府欣苑 5室主卧,人居·天府欣苑,1350,http://cd.58.com/pinpaigongyu/29701934052030x.shtml
【整租】航空港 新和领航 1室1厅,新和领航,1450,http://cd.58.com/pinpaigongyu/29870492780854x.shtml
【整租】冠寓 犀浦 龙湖时代天街,犀浦,1200-1500,http://cd.58.com/pinpaigongyu/29163499829048x.shtml
【合租】九眼桥 朝阳名宅 4室次卧,朝阳名宅,1050,http://cd.58.com/pinpaigongyu/29705418699957x.shtml
【合租】营门口 为民新居 3室主卧,为民新居,1050,http://cd.58.com/pinpaigongyu/29725443620537x.shtml
【合租】金融城 天府欣苑 5室次卧,天府欣苑,1000,http://cd.58.com/pinpaigongyu/30122986624076x.shtml
【整租】优家公寓 大源村 YOU+大源,大源村,1346-1600,http://cd.58.com/pinpaigongyu/30058845082949x.shtml
【整租】金融城 保利·星座 1室1厅,保利·星座,1500,http://cd.58.com/pinpaigongyu/29924299867216x.shtml
【合租】金融城 天府世家 4室次卧,天府世家,1050,http://cd.58.com/pinpaigongyu/29702172362433x.shtml
【合租】川师 比华利国际城三期 5室次卧,比华利国际城三期,1165,http://cd.58.com/pinpaigongyu/30096546711237x.shtml
【合租】外光华 中铁瑞景颐城 4室主卧,中铁瑞景颐城,1050,http://cd.58.com/pinpaigongyu/29648147234754x.shtml
【合租】金融城 天府世家 3室次卧,天府世家,1300,http://cd.58.com/pinpaigongyu/29704534469828x.shtml
【合租】外光华 中铁瑞景颐城 4室主卧,中铁瑞景颐城,1000,http://cd.58.com/pinpaigongyu/29956869104832x.shtml
【合租】火车南站 都会路苑 4室主卧,都会路苑,1100,http://cd.58.com/pinpaigongyu/29856760218553x.shtml
【合租】外光华 保利香槟光华 5室主卧,保利香槟光华,1000,http://cd.58.com/pinpaigongyu/30023186288172x.shtml
【合租】金融城 汇翠园南城都汇 4室次卧,汇翠园南城都汇,1000,http://cd.58.com/pinpaigongyu/29857882586061x.shtml
【合租】营门口 为民新居 3室主卧,为民新居,1050,http://cd.58.com/pinpaigongyu/29979154494282x.shtml
【整租】世纪城 仁美大源印象 1室1厅,仁美大源印象,1500,http://cd.58.com/pinpaigongyu/29889663138993x.shtml
【合租】万达 望江水岸 6室主卧,望江水岸,1000,http://cd.58.com/pinpaigongyu/29548290661827x.shtml
【合租】外光华 中铁瑞景颐城 4室主卧,中铁瑞景颐城,1000,http://cd.58.com/pinpaigongyu/30111858373955x.shtml
【合租】大源村 人居·天府欣苑 5室次卧,人居·天府欣苑,1000,http://cd.58.com/pinpaigongyu/29857860136367x.shtml
【整租】冠寓 犀浦 龙湖时代天街,犀浦,1200-1500,http://cd.58.com/pinpaigongyu/29163499829048x.shtml
【整租】世纪城 仁美大源印象 1室1厅,仁美大源印象,1500,http://cd.58.com/pinpaigongyu/29878596733886x.shtml
【合租】大源村 建发·中央鹭洲 4室主卧,建发·中央鹭洲,1200,http://cd.58.com/pinpaigongyu/29901504451129x.shtml
【合租】跳伞塔 保利中心 4室次卧,保利中心,1200,http://cd.58.com/pinpaigongyu/30078668383949x.shtml
【整租】优家公寓 大源村 YOU+大源,大源村,1346-1600,http://cd.58.com/pinpaigongyu/30058845082949x.shtml
【合租】芳草 三九雅园 5室次卧,三九雅园,1050,http://cd.58.com/pinpaigongyu/30078673230516x.shtml
【合租】东升镇 美城悦荣府 4室主卧,美城悦荣府,1000,http://cd.58.com/pinpaigongyu/29956730096590x.shtml
【合租】万年场 观城 6室主卧,观城,1200,http://cd.58.com/pinpaigongyu/29971896363562x.shtml
【整租】欢乐谷 华侨城原岸 1室0厅,华侨城原岸,1500,http://cd.58.com/pinpaigongyu/30057638312523x.shtml
【合租】天府长城 长城南苑 3室主卧,长城南苑,1500,http://cd.58.com/pinpaigongyu/30028733199941x.shtml
【合租】神仙树 玲珑南域 1室次卧,玲珑南域,1100,http://cd.58.com/pinpaigongyu/30001389203397x.shtml
【合租】芳草 瑞升丽苑 1室次卧,瑞升丽苑,1150,http://cd.58.com/pinpaigongyu/30001330577833x.shtml
【整租】航空港 新和领航 1室1厅,新和领航,1500,http://cd.58.com/pinpaigongyu/29806507535921x.shtml
【整租】世纪城 仁美大源印象 1室1厅,仁美大源印象,1500,http://cd.58.com/pinpaigongyu/29856537538768x.shtml
【整租】世纪城 仁美大源印象 1室1厅,仁美大源印象,1500,http://cd.58.com/pinpaigongyu/29878565543358x.shtml
【整租】航空港 新和领航 1室1厅,新和领航,1500,http://cd.58.com/pinpaigongyu/29806578122039x.shtml
【整租】世纪城 仁美大源印象 1室1厅,仁美大源印象,1500,http://cd.58.com/pinpaigongyu/29924406214336x.shtml
【合租】九眼桥 朝阳名宅 4室次卧,朝阳名宅,1000,http://cd.58.com/pinpaigongyu/29705447710526x.shtml
【合租】华阳 慕和南道 4室主卧,慕和南道,1000,http://cd.58.com/pinpaigongyu/29934310095281x.shtml
【合租】外光华 中铁瑞景颐城 4室主卧,中铁瑞景颐城,1050,http://cd.58.com/pinpaigongyu/29813757479873x.shtml
【整租】冠寓 犀浦 龙湖时代天街,犀浦,1200-1500,http://cd.58.com/pinpaigongyu/29163499829048x.shtml
【合租】神仙树 桐梓林壹号 5室次卧,桐梓林壹号,1150,http://cd.58.com/pinpaigongyu/29779652951365x.shtml
【整租】世纪城 仁美大源印象 1室1厅,仁美大源印象,1500,http://cd.58.com/pinpaigongyu/29889689224261x.shtml
【整租】交大路 锦西人家四期 1室1厅,锦西人家四期,1500,http://cd.58.com/pinpaigongyu/29857074464073x.shtml
【整租】优家公寓 大源村 YOU+大源,大源村,1346-1600,http://cd.58.com/pinpaigongyu/30058845082949x.shtml
【合租】金融城 南城都汇四期 5室主卧,南城都汇四期,1450,http://cd.58.com/pinpaigongyu/30045306342698x.shtml
【合租】营门口 为民新居 3室主卧,为民新居,1090,http://cd.58.com/pinpaigongyu/29337376516399x.shtml
【合租】营门口 为民新居 3室主卧,为民新居,1050,http://cd.58.com/pinpaigongyu/30124431666758x.shtml
【合租】东升镇 美城悦荣府 4室主卧,美城悦荣府,1000,http://cd.58.com/pinpaigongyu/30044731303110x.shtml
【合租】外光华 中铁瑞景颐城 4室主卧,中铁瑞景颐城,1000,http://cd.58.com/pinpaigongyu/30111865800132x.shtml
【合租】营门口 为民新居 3室主卧,为民新居,1090,http://cd.58.com/pinpaigongyu/29934848768837x.shtml
【合租】外光华 中铁瑞景颐城 4室主卧,中铁瑞景颐城,1050,http://cd.58.com/pinpaigongyu/29757632493634x.shtml
【合租】跳伞塔 保利中心 5室次卧,保利中心,1200,http://cd.58.com/pinpaigongyu/30078802650314x.shtml
【合租】金融城 天府欣苑 5室次卧,天府欣苑,1000,http://cd.58.com/pinpaigongyu/29779628909367x.shtml
【合租】华阳 中德英伦世邦 1室主卧,中德英伦世邦,1000,http://cd.58.com/pinpaigongyu/29967274635982x.shtml
【合租】外光华 中铁瑞景颐城 4室主卧,中铁瑞景颐城,1050,http://cd.58.com/pinpaigongyu/29868338001718x.shtml
【合租】金融城 天府欣苑 5室次卧,天府欣苑,1300,http://cd.58.com/pinpaigongyu/29779627524687x.shtml
【合租】美年广场 朗基天香 4室次卧,朗基天香,1000,http://cd.58.com/pinpaigongyu/30045197261518x.shtml
【合租】营门口 为民新居 3室主卧,为民新居,1090,http://cd.58.com/pinpaigongyu/29835304779190x.shtml
【合租】营门口 为民新居 3室主卧,为民新居,1090,http://cd.58.com/pinpaigongyu/29824242528064x.shtml
【整租】冠寓 犀浦 龙湖时代天街,犀浦,1200-1500,http://cd.58.com/pinpaigongyu/29163499829048x.shtml
【合租】外光华 中铁瑞景颐城 4室主卧,中铁瑞景颐城,1050,http://cd.58.com/pinpaigongyu/29879406518830x.shtml
【合租】外光华 中铁瑞景颐城 4室主卧,中铁瑞景颐城,1050,http://cd.58.com/pinpaigongyu/29879387877057x.shtml
【合租】营门口 为民新居 3室主卧,为民新居,1050,http://cd.58.com/pinpaigongyu/30123198971945x.shtml
【整租】优家公寓 大源村 YOU+大源,大源村,1346-1600,http://cd.58.com/pinpaigongyu/30058845082949x.shtml
【整租】航空港 新和领航 1室1厅,新和领航,1500,http://cd.58.com/pinpaigongyu/29947476169266x.shtml
【合租】营门口 为民新居 3室主卧,为民新居,1090,http://cd.58.com/pinpaigongyu/29824608232771x.shtml
【整租】世纪城 仁美大源印象 1室1厅,仁美大源印象,1500,http://cd.58.com/pinpaigongyu/29878532310591x.shtml
【整租】航空港 新和领航 1室1厅,新和领航,1500,http://cd.58.com/pinpaigongyu/29946524832041x.shtml
【合租】东升镇 美城悦荣府 4室主卧,美城悦荣府,1000,http://cd.58.com/pinpaigongyu/29934492013354x.shtml
【合租】营门口 为民新居 4室主卧,为民新居,1050,http://cd.58.com/pinpaigongyu/29725456136123x.shtml
【整租】百草路 保利香槟国际 1室1厅,保利香槟国际,1300,http://cd.58.com/pinpaigongyu/29814896741435x.shtml
【整租】航空港 新和领航 1室1厅,新和领航,1500,http://cd.58.com/pinpaigongyu/29868144383529x.shtml
【合租】营门口 为民新居 3室次卧,为民新居,1090,http://cd.58.com/pinpaigongyu/29606652179772x.shtml
【整租】大源村 保利心语上府 1室1厅,保利心语上府,1380,http://cd.58.com/pinpaigongyu/29890210814127x.shtml
【合租】芳草 牡丹御园 1室次卧,牡丹御园,1310,http://cd.58.com/pinpaigongyu/30024731394484x.shtml
【合租】营门口 为民新居 3室主卧,为民新居,1030,http://cd.58.com/pinpaigongyu/29248960673583x.shtml
【合租】东升镇 美城悦荣府 4室主卧,美城悦荣府,1000,http://cd.58.com/pinpaigongyu/29956610215243x.shtml
【整租】世纪城 仁美大源印象 1室1厅,仁美大源印象,1500,http://cd.58.com/pinpaigongyu/29878577469900x.shtml
【合租】国宾 中环西岸观邸 4室次卧,中环西岸观邸,1100,http://cd.58.com/pinpaigongyu/30079864713677x.shtml
【整租】冠寓 犀浦 龙湖时代天街,犀浦,1200-1500,http://cd.58.com/pinpaigongyu/29163499829048x.shtml
【合租】世纪城 仁美大源印象 4室主卧,仁美大源印象,1000,http://cd.58.com/pinpaigongyu/29956724160442x.shtml
【整租】航空港 新和领航 1室1厅,新和领航,1400,http://cd.58.com/pinpaigongyu/30014409276230x.shtml
【合租】东升镇 美城悦荣府 4室主卧,美城悦荣府,1000,http://cd.58.com/pinpaigongyu/29989545884345x.shtml
【整租】优家公寓 大源村 YOU+大源,大源村,1346-1600,http://cd.58.com/pinpaigongyu/30058845082949x.shtml
【整租】世纪城 仁美大源印象 1室1厅,仁美大源印象,1500,http://cd.58.com/pinpaigongyu/29923181585976x.shtml
【整租】外光华 元益花园 1室0厅,元益花园,1500,http://cd.58.com/pinpaigongyu/29991200572873x.shtml
【合租】营门口 为民新居 3室主卧,为民新居,1050,http://cd.58.com/pinpaigongyu/29017090798274x.shtml
【合租】孵化园 天府世家 5室次卧,天府世家,1150,http://cd.58.com/pinpaigongyu/29702155885612x.shtml
【合租】华阳 慕和南道 4室主卧,慕和南道,1000,http://cd.58.com/pinpaigongyu/29835151889216x.shtml
【合租】营门口 为民新居 3室主卧,为民新居,1030,http://cd.58.com/pinpaigongyu/30123624687169x.shtml
【合租】新鸿路 锦绣东方二期 4室主卧,锦绣东方二期,1155,http://cd.58.com/pinpaigongyu/30012677926333x.shtml
【合租】金融城 天府欣苑 5室次卧,天府欣苑,1300,http://cd.58.com/pinpaigongyu/29803680786614x.shtml
【整租】航空港 新和领航 1室1厅,新和领航,1500,http://cd.58.com/pinpaigongyu/29868411721272x.shtml
【合租】外光华 中铁瑞景颐城 4室主卧,中铁瑞景颐城,1000,http://cd.58.com/pinpaigongyu/29967876037708x.shtml
【合租】南苑 天府欣苑 5室次卧,天府欣苑,1080,http://cd.58.com/pinpaigongyu/29702152579664x.shtml
【合租】外光华 中铁瑞景颐城 4室主卧,中铁瑞景颐城,1050,http://cd.58.com/pinpaigongyu/29813772972209x.shtml
【合租】金融城 天府欣苑东区 5室次卧,天府欣苑东区,1000,http://cd.58.com/pinpaigongyu/29803764164142x.shtml
【合租】外光华 中铁瑞景颐城 4室主卧,中铁瑞景颐城,1000,http://cd.58.com/pinpaigongyu/30045307174218x.shtml
【合租】金融城 天府欣苑东区 5室次卧,天府欣苑东区,1000,http://cd.58.com/pinpaigongyu/29803764164142x.shtml
【整租】冠寓 犀浦 龙湖时代天街,犀浦,1200-1500,http://cd.58.com/pinpaigongyu/29163499829048x.shtml
【合租】外光华 中铁瑞景颐城 4室主卧,中铁瑞景颐城,1050,http://cd.58.com/pinpaigongyu/29714204299834x.shtml
【整租】世纪城 仁美大源印象 1室1厅,仁美大源印象,1500,http://cd.58.com/pinpaigongyu/29889652339530x.shtml
【合租】东升镇 美城悦荣府 5室主卧,美城悦荣府,1000,http://cd.58.com/pinpaigongyu/29945636499915x.shtml
【整租】优家公寓 大源村 YOU+大源,大源村,1346-1600,http://cd.58.com/pinpaigongyu/30058845082949x.shtml
【合租】外光华 中铁瑞景颐城 4室主卧,中铁瑞景颐城,1050,http://cd.58.com/pinpaigongyu/29757623735988x.shtml
【合租】玉林 都市金岸 4室次卧,都市金岸,1100,http://cd.58.com/pinpaigongyu/29779934188869x.shtml
【合租】营门口 为民新居 3室主卧,为民新居,1030,http://cd.58.com/pinpaigongyu/29870010034490x.shtml
【合租】外光华 中铁瑞景颐城 4室主卧,中铁瑞景颐城,1050,http://cd.58.com/pinpaigongyu/29868317820108x.shtml
【合租】理想中心 南城都汇汇馨园 1室主卧,南城都汇汇馨园,1500,http://cd.58.com/pinpaigongyu/29702197306281x.shtml
【合租】贝森 蓝光COCO蜜城 5室主卧,蓝光COCO蜜城,1245,http://cd.58.com/pinpaigongyu/30078851306680x.shtml
【合租】华阳 美城云庭 4室主卧,美城云庭,1005,http://cd.58.com/pinpaigongyu/29641702610989x.shtml
【整租】世纪城 仁美大源印象 1室1厅,仁美大源印象,1500,http://cd.58.com/pinpaigongyu/29856530702783x.shtml
【合租】营门口 为民新居 3室次卧,为民新居,1030,http://cd.58.com/pinpaigongyu/29980370193461x.shtml
【整租】蜀汉路 西城上域 1室0厅,西城上域,1200,http://cd.58.com/pinpaigongyu/30079621574595x.shtml
【合租】大源村 人居·天府欣苑 5室次卧,人居·天府欣苑,1300,http://cd.58.com/pinpaigongyu/30123015064528x.shtml
【合租】外光华 中铁瑞景颐城 4室主卧,中铁瑞景颐城,1050,http://cd.58.com/pinpaigongyu/29868360036917x.shtml
【合租】东升镇 美城悦荣府 4室主卧,美城悦荣府,1000,http://cd.58.com/pinpaigongyu/29989553535436x.shtml
【合租】跳伞塔 保利中心 5室次卧,保利中心,1300,http://cd.58.com/pinpaigongyu/30078762027051x.shtml
【合租】大源村 人居·天府欣苑 5室次卧,人居·天府欣苑,1300,http://cd.58.com/pinpaigongyu/30123015064528x.shtml
【整租】冠寓 犀浦 龙湖时代天街,犀浦,1200-1500,http://cd.58.com/pinpaigongyu/29163499829048x.shtml
【合租】东升镇 美城悦荣府 4室主卧,美城悦荣府,1000,http://cd.58.com/pinpaigongyu/29989553535436x.shtml
【合租】跳伞塔 保利中心 5室次卧,保利中心,1300,http://cd.58.com/pinpaigongyu/30078762027051x.shtml
【合租】东升镇 美城悦荣府 4室主卧,美城悦荣府,1000,http://cd.58.com/pinpaigongyu/29934769719626x.shtml
【整租】优家公寓 大源村 YOU+大源,大源村,1346-1600,http://cd.58.com/pinpaigongyu/30058845082949x.shtml
【合租】东升镇 美城悦荣府 4室主卧,美城悦荣府,1000,http://cd.58.com/pinpaigongyu/30000602372153x.shtml
【合租】营门口 为民新居 3室主卧,为民新居,1030,http://cd.58.com/pinpaigongyu/29956813873579x.shtml
【合租】金牛万达 金牛万达广场b组 4室次卧,金牛万达广场b组,1105,http://cd.58.com/pinpaigongyu/30023030232000x.shtml
【合租】营门口 为民新居 3室主卧,为民新居,1090,http://cd.58.com/pinpaigongyu/29979404645708x.shtml
【合租】火车南站 中建桐梓林壹号 3室主卧,中建桐梓林壹号,1500,http://cd.58.com/pinpaigongyu/29835782750897x.shtml
【整租】大源村 保利心语3期 4室1厅,保利心语3期,1150,http://cd.58.com/pinpaigongyu/30089955688242x.shtml
【合租】营门口 为民新居 3室主卧,为民新居,1030,http://cd.58.com/pinpaigongyu/29956499905723x.shtml
【整租】航空港 新和领航 1室1厅,新和领航,1500,http://cd.58.com/pinpaigongyu/29806564414671x.shtml
【整租】国宾 金牛花园 1室0厅,金牛花园,1300,http://cd.58.com/pinpaigongyu/29861075232970x.shtml
【合租】东升镇 美城悦荣府 4室主卧,美城悦荣府,1000,http://cd.58.com/pinpaigongyu/30066905171899x.shtml
【合租】外光华 中铁瑞景颐城 4室主卧,中铁瑞景颐城,1050,http://cd.58.com/pinpaigongyu/29746572701632x.shtml
【合租】营门口 为民新居 3室次卧,为民新居,1030,http://cd.58.com/pinpaigongyu/29935143836622x.shtml
【合租】跳伞塔 保利中心 5室次卧,保利中心,1200,http://cd.58.com/pinpaigongyu/30078595687866x.shtml
【合租】营门口 为民新居 3室次卧,为民新居,1030,http://cd.58.com/pinpaigongyu/30124207637690x.shtml
【合租】营门口 为民新居 3室主卧,为民新居,1090,http://cd.58.com/pinpaigongyu/29881772400716x.shtml
【整租】冠寓 犀浦 龙湖时代天街,犀浦,1200-1500,http://cd.58.com/pinpaigongyu/29163499829048x.shtml
【合租】营门口 为民新居 3室主卧,为民新居,1050,http://cd.58.com/pinpaigongyu/29923902472125x.shtml
【合租】东升镇 美城悦荣府 4室主卧,美城悦荣府,1000,http://cd.58.com/pinpaigongyu/30089872155340x.shtml
【整租】航空港 新和领航 1室1厅,新和领航,1450,http://cd.58.com/pinpaigongyu/29868246888523x.shtml
【整租】优家公寓 大源村 YOU+大源,大源村,1346-1600,http://cd.58.com/pinpaigongyu/30058845082949x.shtml
【合租】大源村 仁美大源印象 4室主卧,仁美大源印象,1050,http://cd.58.com/pinpaigongyu/29691832764350x.shtml
【合租】东升镇 美城悦荣府 4室主卧,美城悦荣府,1000,http://cd.58.com/pinpaigongyu/29956385701318x.shtml
【合租】成渝立交 望江水岸 5室主卧,望江水岸,1000,http://cd.58.com/pinpaigongyu/29650243582015x.shtml
【合租】美年广场 朗基天香 4室次卧,朗基天香,1000,http://cd.58.com/pinpaigongyu/30045289173827x.shtml
【合租】东大街 锦东庭园 5室次卧,锦东庭园,1000,http://cd.58.com/pinpaigongyu/29670569731145x.shtml
【合租】芳草 三九雅园 5室次卧,三九雅园,1050,http://cd.58.com/pinpaigongyu/30078671778604x.shtml
【合租】理想中心 时代晶科名苑 5室主卧,时代晶科名苑,1500,http://cd.58.com/pinpaigongyu/30111831962698x.shtml
【合租】东光小区 爱家丽苑 6室主卧,爱家丽苑,1000,http://cd.58.com/pinpaigongyu/30080419156798x.shtml
【合租】东升镇 美城悦荣府 4室主卧,美城悦荣府,1000,http://cd.58.com/pinpaigongyu/30100033905989x.shtml
【合租】金融城 中海九号公馆 4室次卧,中海九号公馆,1100,http://cd.58.com/pinpaigongyu/30123013022902x.shtml
【合租】万年场 观城 6室主卧,观城,1350,http://cd.58.com/pinpaigongyu/29971867996240x.shtml
【整租】国宾 金牛花园 1室0厅,金牛花园,1300,http://cd.58.com/pinpaigongyu/30015054210887x.shtml
【整租】国宾 金牛花园 1室0厅,金牛花园,1300,http://cd.58.com/pinpaigongyu/30015054210887x.shtml
【整租】冠寓 犀浦 龙湖时代天街,犀浦,1200-1500,http://cd.58.com/pinpaigongyu/29163499829048x.shtml
【合租】跳伞塔 保利中心 5室次卧,保利中心,1200,http://cd.58.com/pinpaigongyu/30078676123334x.shtml
【合租】金融城 中海九号公馆 5室主卧,中海九号公馆,1350,http://cd.58.com/pinpaigongyu/30012336144074x.shtml
【整租】百草路 保利·新天地 1室1厅,保利·新天地,1300,http://cd.58.com/pinpaigongyu/29901594062156x.shtml
【整租】优家公寓 大源村 YOU+大源,大源村,1346-1600,http://cd.58.com/pinpaigongyu/30058845082949x.shtml
【合租】金沙 金沙鹭岛二期 6室次卧,金沙鹭岛二期,1000,http://cd.58.com/pinpaigongyu/29990417722820x.shtml
【合租】东升镇 美城悦荣府 4室主卧,美城悦荣府,1000,http://cd.58.com/pinpaigongyu/30000429386949x.shtml
【合租】营门口 为民新居 3室主卧,为民新居,1090,http://cd.58.com/pinpaigongyu/29749104264777x.shtml
【合租】营门口 为民新居 3室主卧,为民新居,1050,http://cd.58.com/pinpaigongyu/29606990208843x.shtml
【合租】东升镇 美城悦荣府 4室主卧,美城悦荣府,1000,http://cd.58.com/pinpaigongyu/30044773798723x.shtml
【整租】航空港 新和领航 1室1厅,新和领航,1500,http://cd.58.com/pinpaigongyu/29871665156942x.shtml
【整租】欢乐谷 华侨城·天鹅堡 1室0厅,华侨城·天鹅堡,1400,http://cd.58.com/pinpaigongyu/29871481595050x.shtml
【合租】营门口 为民新居 3室主卧,为民新居,1090,http://cd.58.com/pinpaigongyu/29881012363318x.shtml
【合租】火车南站 中建桐梓林壹号 4室主卧,中建桐梓林壹号,1500,http://cd.58.com/pinpaigongyu/29835763469766x.shtml
【合租】金融城 中海九号公馆 5室主卧,中海九号公馆,1350,http://cd.58.com/pinpaigongyu/30012352259129x.shtml
【合租】成仁路 龙光天悦龙庭 5室主卧,龙光天悦龙庭,1050,http://cd.58.com/pinpaigongyu/29694008056385x.shtml
【合租】蜀汉路 凯丽豪景 3室次卧,凯丽豪景,1100,http://cd.58.com/pinpaigongyu/29705871870022x.shtml
【合租】外光华 中铁瑞景颐城 4室主卧,中铁瑞景颐城,1000,http://cd.58.com/pinpaigongyu/30134090316089x.shtml
【合租】东升镇 美城悦荣府 4室主卧,美城悦荣府,1000,http://cd.58.com/pinpaigongyu/30011468063547x.shtml
【整租】世纪城 仁美大源印象 1室1厅,仁美大源印象,1500,http://cd.58.com/pinpaigongyu/29923229499062x.shtml
【整租】冠寓 犀浦 龙湖时代天街,犀浦,1200-1500,http://cd.58.com/pinpaigongyu/29163499829048x.shtml
【整租】世纪城 仁美大源印象 1室1厅,仁美大源印象,1500,http://cd.58.com/pinpaigongyu/29911746950830x.shtml
【合租】南延线 朗基天香 4室次卧,朗基天香,1000,http://cd.58.com/pinpaigongyu/30045300494652x.shtml
【整租】杉板桥 东城映象 1室1厅,东城映象,1400,http://cd.58.com/pinpaigongyu/29759445544503x.shtml
【整租】优家公寓 大源村 YOU+大源,大源村,1346-1600,http://cd.58.com/pinpaigongyu/30058845082949x.shtml
【合租】南延线 中德英伦城邦 4室主卧,中德英伦城邦,1100,http://cd.58.com/pinpaigongyu/29774669260074x.shtml
【合租】大源村 保利心语上府 6室主卧,保利心语上府,1100,http://cd.58.com/pinpaigongyu/30080623628738x.shtml
【合租】玉林 玉通巷5号院 4室次卧,玉通巷5号院,1000,http://cd.58.com/pinpaigongyu/29803653422925x.shtml
【合租】跳伞塔 保利中心 5室次卧,保利中心,1250,http://cd.58.com/pinpaigongyu/30078758809022x.shtml
【整租】航空港 新和领航 1室1厅,新和领航,1500,http://cd.58.com/pinpaigongyu/29770438300108x.shtml
【整租】华阳 万科·海悦汇城西 2室2厅,万科·海悦汇城西,1500,http://cd.58.com/pinpaigongyu/29990053645881x.shtml
【合租】大源村 建发·中央鹭洲 4室主卧,建发·中央鹭洲,1200,http://cd.58.com/pinpaigongyu/29791103722944x.shtml
【合租】大源村 人居·天府欣苑 5室次卧,人居·天府欣苑,1000,http://cd.58.com/pinpaigongyu/29779721272630x.shtml
【合租】营门口 为民新居 3室主卧,为民新居,1050,http://cd.58.com/pinpaigongyu/29835292128719x.shtml
【合租】万年场 华润二十四城一期 4室主卧,华润二十四城一期,1000,http://cd.58.com/pinpaigongyu/29948912558892x.shtml
【合租】外光华 中铁瑞景颐城 4室主卧,中铁瑞景颐城,1100,http://cd.58.com/pinpaigongyu/29669390798777x.shtml
【合租】东升镇 美城悦荣府 4室次卧,美城悦荣府,1000,http://cd.58.com/pinpaigongyu/30056248177723x.shtml
【合租】金融城 天府欣苑 5室次卧,天府欣苑,1300,http://cd.58.com/pinpaigongyu/29779717949378x.shtml
【合租】火车南站 中建桐梓林壹号 5室次卧,中建桐梓林壹号,1200,http://cd.58.com/pinpaigongyu/29536178121143x.shtml
【合租】营门口 为民新居 3室次卧,为民新居,1030,http://cd.58.com/pinpaigongyu/29725080359989x.shtml
【整租】冠寓 犀浦 龙湖时代天街,犀浦,1200-1500,http://cd.58.com/pinpaigongyu/29163499829048x.shtml
【合租】营门口 为民新居 3室主卧,为民新居,1090,http://cd.58.com/pinpaigongyu/29935137312455x.shtml
【合租】外光华 中铁瑞景颐城 4室主卧,中铁瑞景颐城,1050,http://cd.58.com/pinpaigongyu/29835475725373x.shtml
【合租】九眼桥 朝阳名宅 4室主卧,朝阳名宅,1050,http://cd.58.com/pinpaigongyu/29705438314539x.shtml
【整租】优家公寓 大源村 YOU+大源,大源村,1346-1600,http://cd.58.com/pinpaigongyu/30058845082949x.shtml
【合租】东升镇 美城悦荣府 4室主卧,美城悦荣府,1000,http://cd.58.com/pinpaigongyu/30011417417792x.shtml
【合租】大源村 人居·天府欣苑 5室主卧,人居·天府欣苑,1350,http://cd.58.com/pinpaigongyu/29779637981902x.shtml
【合租】营门口 为民新居 3室主卧,为民新居,1090,http://cd.58.com/pinpaigongyu/29834943854529x.shtml
【合租】东升镇 美城悦荣府 4室主卧,美城悦荣府,1000,http://cd.58.com/pinpaigongyu/29956361279540x.shtml
【合租】金融城 天府世家 3室次卧,天府世家,1300,http://cd.58.com/pinpaigongyu/29704542625837x.shtml
【合租】营门口 为民新居 3室主卧,为民新居,1090,http://cd.58.com/pinpaigongyu/29923848884787x.shtml
【合租】孵化园 天府世家 5室次卧,天府世家,1100,http://cd.58.com/pinpaigongyu/29803746234163x.shtml
【合租】大源村 建发·中央鹭洲 4室次卧,建发·中央鹭洲,1200,http://cd.58.com/pinpaigongyu/29813113570757x.shtml
【合租】海椒市 龙湖·晶蓝半岛A 5室主卧,龙湖·晶蓝半岛A,1200,http://cd.58.com/pinpaigongyu/29791290660522x.shtml
【合租】外光华 中铁瑞景颐城 4室主卧,中铁瑞景颐城,1000,http://cd.58.com/pinpaigongyu/29979591878962x.shtml
【合租】营门口 为民新居 3室主卧,为民新居,1030,http://cd.58.com/pinpaigongyu/29857176572862x.shtml
【合租】华阳 慕和南道 4室主卧,慕和南道,1000,http://cd.58.com/pinpaigongyu/29835142821711x.shtml
【合租】营门口 为民新居 3室主卧,为民新居,1050,http://cd.58.com/pinpaigongyu/30124721232050x.shtml
【合租】营门口 为民新居 3室主卧,为民新居,1090,http://cd.58.com/pinpaigongyu/29881634051500x.shtml
【整租】欢乐谷 华侨城·天鹅堡 1室0厅,华侨城·天鹅堡,1500,http://cd.58.com/pinpaigongyu/30015381974979x.shtml
【整租】优家公寓 大源村 YOU+大源,大源村,1346-1600,http://cd.58.com/pinpaigongyu/30058845082949x.shtml
【合租】大源村 人居·天府欣苑 5室主卧,人居·天府欣苑,1350,http://cd.58.com/pinpaigongyu/29779637981902x.shtml
【合租】营门口 为民新居 3室主卧,为民新居,1090,http://cd.58.com/pinpaigongyu/29834943854529x.shtml
【合租】东升镇 美城悦荣府 4室主卧,美城悦荣府,1000,http://cd.58.com/pinpaigongyu/29956361279540x.shtml
【整租】冠寓 犀浦 龙湖时代天街,犀浦,1200-1500,http://cd.58.com/pinpaigongyu/29163499829048x.shtml
【合租】营门口 为民新居 3室主卧,为民新居,1090,http://cd.58.com/pinpaigongyu/29923848884787x.shtml
【合租】孵化园 天府世家 5室次卧,天府世家,1100,http://cd.58.com/pinpaigongyu/29803746234163x.shtml
【合租】大源村 建发·中央鹭洲 4室次卧,建发·中央鹭洲,1200,http://cd.58.com/pinpaigongyu/29813113570757x.shtml
【合租】海椒市 龙湖·晶蓝半岛A 5室主卧,龙湖·晶蓝半岛A,1200,http://cd.58.com/pinpaigongyu/29791290660522x.shtml
【合租】外光华 中铁瑞景颐城 4室主卧,中铁瑞景颐城,1000,http://cd.58.com/pinpaigongyu/29979591878962x.shtml
【合租】营门口 为民新居 3室主卧,为民新居,1030,http://cd.58.com/pinpaigongyu/29857176572862x.shtml
【合租】华阳 慕和南道 4室主卧,慕和南道,1000,http://cd.58.com/pinpaigongyu/29835142821711x.shtml
【合租】营门口 为民新居 3室主卧,为民新居,1050,http://cd.58.com/pinpaigongyu/30124721232050x.shtml
【合租】营门口 为民新居 3室主卧,为民新居,1090,http://cd.58.com/pinpaigongyu/29881634051500x.shtml
【整租】世纪城 仁美大源印象 1室1厅,仁美大源印象,1500,http://cd.58.com/pinpaigongyu/29889683463495x.shtml
【整租】恒大绿洲 世茂城二期 2室2厅,世茂城二期,1500,http://cd.58.com/pinpaigongyu/30135127333690x.shtml
【合租】东升镇 美城悦荣府 4室主卧,美城悦荣府,1000,http://cd.58.com/pinpaigongyu/29956620378294x.shtml
【整租】世纪城 仁美大源印象 1室1厅,仁美大源印象,1500,http://cd.58.com/pinpaigongyu/29856476960562x.shtml
【整租】世纪城 仁美大源印象 1室1厅,仁美大源印象,1500,http://cd.58.com/pinpaigongyu/29924388147021x.shtml
【合租】外光华 中铁瑞景颐城 4室主卧,中铁瑞景颐城,1050,http://cd.58.com/pinpaigongyu/29724618764101x.shtml
【整租】优家公寓 大源村 YOU+大源,大源村,1346-1600,http://cd.58.com/pinpaigongyu/30058845082949x.shtml
【合租】火车南站 都会路苑 5室次卧,都会路苑,1000,http://cd.58.com/pinpaigongyu/29858580315693x.shtml
【合租】营门口 为民新居 3室主卧,为民新居,1030,http://cd.58.com/pinpaigongyu/29856959916356x.shtml
【整租】航空港 新和领航 1室1厅,新和领航,1450,http://cd.58.com/pinpaigongyu/29870363400140x.shtml
【整租】冠寓 犀浦 龙湖时代天街,犀浦,1200-1500,http://cd.58.com/pinpaigongyu/29163499829048x.shtml
【合租】大源村 建发天府鹭洲 5室主卧,建发天府鹭洲,1150,http://cd.58.com/pinpaigongyu/29792724019113x.shtml
【合租】东升镇 美城悦荣府 4室主卧,美城悦荣府,1000,http://cd.58.com/pinpaigongyu/30133810603580x.shtml
【合租】外光华 中铁瑞景颐城 4室主卧,中铁瑞景颐城,1050,http://cd.58.com/pinpaigongyu/29858020594607x.shtml
【合租】蜀汉路 凯丽豪景 3室主卧,凯丽豪景,1050,http://cd.58.com/pinpaigongyu/29956554673462x.shtml
【合租】沙湾 为民新居 3室主卧,为民新居,1050,http://cd.58.com/pinpaigongyu/29781048562100x.shtml
【合租】营门口 为民新居 3室主卧,为民新居,1090,http://cd.58.com/pinpaigongyu/29956806450217x.shtml
【合租】火车南站 都会路苑 5室主卧,都会路苑,1500,http://cd.58.com/pinpaigongyu/30113378073403x.shtml
【合租】营门口 为民新居 3室主卧,为民新居,1030,http://cd.58.com/pinpaigongyu/29956841068219x.shtml
【整租】航空港 新和领航 1室1厅,新和领航,1500,http://cd.58.com/pinpaigongyu/29879846966716x.shtml
【合租】东升镇 美城悦荣府 4室主卧,美城悦荣府,1000,http://cd.58.com/pinpaigongyu/29989563923152x.shtml
【合租】沙湾 为民新居 3室主卧,为民新居,1090,http://cd.58.com/pinpaigongyu/29791634504238x.shtml
【合租】外光华 中铁瑞景颐城 4室主卧,中铁瑞景颐城,1050,http://cd.58.com/pinpaigongyu/29714177144653x.shtml
【合租】营门口 为民新居 3室主卧,为民新居,1050,http://cd.58.com/pinpaigongyu/30124349833157x.shtml
【合租】东升镇 美城悦荣府 4室次卧,美城悦荣府,1000,http://cd.58.com/pinpaigongyu/30000607255624x.shtml
【合租】东升镇 美城悦荣府 4室次卧,美城悦荣府,1000,http://cd.58.com/pinpaigongyu/30000607255624x.shtml
【整租】优家公寓 大源村 YOU+大源,大源村,1346-1600,http://cd.58.com/pinpaigongyu/30058845082949x.shtml
【整租】航空港 新和领航 1室1厅,新和领航,1500,http://cd.58.com/pinpaigongyu/29806551088957x.shtml
【合租】理想中心 汇翠园南城都汇 4室主卧,汇翠园南城都汇,1280,http://cd.58.com/pinpaigongyu/29835343121872x.shtml
【合租】玉林 玉通巷5号院 4室次卧,玉通巷5号院,1000,http://cd.58.com/pinpaigongyu/29806109415217x.shtml
【整租】冠寓 犀浦 龙湖时代天街,犀浦,1200-1500,http://cd.58.com/pinpaigongyu/29163499829048x.shtml
【合租】紫荆 城市春天 6室次卧,城市春天,1050,http://cd.58.com/pinpaigongyu/30029062022721x.shtml
【合租】孵化园 天府欣苑东区 5室次卧,天府欣苑东区,1300,http://cd.58.com/pinpaigongyu/29993405153853x.shtml
【合租】孵化园 天府欣苑 5室次卧,天府欣苑,1300,http://cd.58.com/pinpaigongyu/30045047005386x.shtml
【整租】航空港 新和领航 1室1厅,新和领航,1450,http://cd.58.com/pinpaigongyu/30014050255926x.shtml
【合租】东升镇 美城悦荣府 4室主卧,美城悦荣府,1000,http://cd.58.com/pinpaigongyu/30056232981298x.shtml
【合租】营门口 为民新居 4室主卧,为民新居,1030,http://cd.58.com/pinpaigongyu/29881543508533x.shtml
【合租】天府长城 长城南苑 3室主卧,长城南苑,1500,http://cd.58.com/pinpaigongyu/30028727353260x.shtml
【整租】世纪城 仁美大源印象 1室1厅,仁美大源印象,1500,http://cd.58.com/pinpaigongyu/29933938768937x.shtml
【合租】金融城 天府欣苑东区 5室次卧,天府欣苑东区,1000,http://cd.58.com/pinpaigongyu/29702173474490x.shtml
【合租】理想中心 汇翠园南城都汇 5室次卧,汇翠园南城都汇,1000,http://cd.58.com/pinpaigongyu/29835286573482x.shtml
【合租】跳伞塔 保利中心 5室次卧,保利中心,1200,http://cd.58.com/pinpaigongyu/30078804159678x.shtml
【合租】营门口 为民新居 3室主卧,为民新居,1030,http://cd.58.com/pinpaigongyu/29980387782078x.shtml
【整租】世纪城 仁美大源印象 1室1厅,仁美大源印象,1500,http://cd.58.com/pinpaigongyu/29933915800000x.shtml
【合租】火车南站 中建桐梓林壹号 4室主卧,中建桐梓林壹号,1500,http://cd.58.com/pinpaigongyu/29835768888876x.shtml
【合租】东升镇 美城悦荣府 4室主卧,美城悦荣府,1000,http://cd.58.com/pinpaigongyu/30089959637435x.shtml
【整租】优家公寓 大源村 YOU+大源,大源村,1346-1600,http://cd.58.com/pinpaigongyu/30058845082949x.shtml
【整租】航空港 新和领航 1室1厅,新和领航,1500,http://cd.58.com/pinpaigongyu/29890598677695x.shtml
【合租】南延线 汇翠园南城都汇 5室主卧,汇翠园南城都汇,1280,http://cd.58.com/pinpaigongyu/29813275047480x.shtml
【整租】冠寓 犀浦 龙湖时代天街,犀浦,1200-1500,http://cd.58.com/pinpaigongyu/29163499829048x.shtml
【合租】跳伞塔 保利中心 5室次卧,保利中心,1000,http://cd.58.com/pinpaigongyu/29571293669707x.shtml
【合租】外光华 中铁瑞景颐城 4室主卧,中铁瑞景颐城,1000,http://cd.58.com/pinpaigongyu/30134154638003x.shtml
【合租】华阳 慕和南道 4室主卧,慕和南道,1000,http://cd.58.com/pinpaigongyu/30056732779185x.shtml
【整租】航空港 新和领航 1室1厅,新和领航,1500,http://cd.58.com/pinpaigongyu/29770554825797x.shtml
【整租】航空港 新和领航 1室1厅,新和领航,1450,http://cd.58.com/pinpaigongyu/29949043502908x.shtml
【合租】外光华 中铁瑞景颐城 4室主卧,中铁瑞景颐城,1050,http://cd.58.com/pinpaigongyu/29901562475337x.shtml
【合租】理想中心 时代晶科名苑 5室次卧,时代晶科名苑,1280,http://cd.58.com/pinpaigongyu/29803684494147x.shtml
【合租】万年场 华润二十四城六期 4室主卧,华润二十四城六期,1500,http://cd.58.com/pinpaigongyu/29768211585335x.shtml
【合租】大源村 人居·天府欣苑 5室次卧,人居·天府欣苑,1000,http://cd.58.com/pinpaigongyu/30122990679223x.shtml
【合租】金融城 天府欣苑 5室次卧,天府欣苑,1300,http://cd.58.com/pinpaigongyu/29779712654252x.shtml
【合租】外光华 中铁瑞景颐城 4室主卧,中铁瑞景颐城,1050,http://cd.58.com/pinpaigongyu/29694029919401x.shtml
【合租】玉林 白玉巷3号院 4室次卧,白玉巷3号院,1000,http://cd.58.com/pinpaigongyu/30078603462340x.shtml
